Date,Weekly U.S. Ending Stocks of Crude Oil  (Thousand Barrels),Weekly U.S. Ending Stocks excluding SPR of Crude Oil  (Thousand Barrels)
20-Aug-82,609219,338764
27-Aug-82,608741,336138
24-Sep-82,612419,335586
1-Oct-82,612419,334786
8-Oct-82,613985,335260
15-Oct-82,607781,326979
22-Oct-82,617763,334370
29-Oct-82,617335,333067
5-Nov-82,615963,331057
12-Nov-82,609646,323448
19-Nov-82,617599,331264
26-Nov-82,613795,325639
3-Dec-82,622410,332447
10-Dec-82,629452,337943
17-Dec-82,630630,338912
24-Dec-82,627549,335061
31-Dec-82,623364,330150
7-Jan-83,621519,326701
14-Jan-83,634468,339028
21-Jan-83,630862,334178
28-Jan-83,637996,339617
4-Feb-83,633444,332527
11-Feb-83,640679,338719
18-Feb-83,645786,342040
25-Feb-83,654800,349452
4-Mar-83,646180,339216
11-Mar-83,650270,341753
18-Mar-83,645657,335901
25-Mar-83,647475,337155
1-Apr-83,643056,331215
8-Apr-83,648846,335263
15-Apr-83,655356,340539
29-Apr-83,660163,342707
13-May-83,663452,342703
20-May-83,669661,345545
3-Jun-83,661439,334607
10-Jun-83,660809,333407
17-Jun-83,660684,332713
24-Jun-83,661690,331611
1-Jul-83,665523,333387
8-Jul-83,661437,326776
15-Jul-83,660062,324265
22-Jul-83,661544,323643
29-Jul-83,666229,326267
5-Aug-83,664421,322642
12-Aug-83,658793,314861
19-Aug-83,666568,320879
26-Aug-83,674046,325015
2-Sep-83,680678,328895
9-Sep-83,679709,326370
16-Sep-83,683787,328092
23-Sep-83,686492,328203
30-Sep-83,689484,329028
7-Oct-83,692999,331723
14-Oct-83,699225,334292
21-Oct-83,696893,331681
28-Oct-83,690351,324210
4-Nov-83,704161,335837
11-Nov-83,708907,339341
18-Nov-83,705019,334859
25-Nov-83,701334,330704
2-Dec-83,697555,326264
9-Dec-83,706710,332192
16-Dec-83,705916,330911
23-Dec-83,703653,326469
30-Dec-83,705337,327028
6-Jan-84,708734,328070
13-Jan-84,714404,331804
20-Jan-84,711607,327811
27-Jan-84,708756,324301
3-Feb-84,705612,320842
10-Feb-84,705509,320037
17-Feb-84,708374,322097
24-Feb-84,704934,317999
2-Mar-84,704980,317746
9-Mar-84,700691,313132
16-Mar-84,701182,312445
23-Mar-84,698337,309072
30-Mar-84,702304,310506
6-Apr-84,714188,320689
13-Apr-84,717586,324087
20-Apr-84,718835,323505
27-Apr-84,715681,319724
4-May-84,723838,326633
11-May-84,730750,332296
18-May-84,740010,340510
25-May-84,733307,332465
1-Jun-84,742484,339659
8-Jun-84,747383,342189
15-Jun-84,746599,338234
22-Jun-84,740444,331714
29-Jun-84,748609,335999
6-Jul-84,744108,330378
13-Jul-84,750181,333149
20-Jul-84,758675,339830
27-Jul-84,751701,331607
3-Aug-84,756297,332398
10-Aug-84,759664,333554
17-Aug-84,750944,323344
24-Aug-84,754372,326092
31-Aug-84,751064,321597
7-Sep-84,748773,318672
14-Sep-84,748108,318007
21-Sep-84,737364,306957
28-Sep-84,739492,308426
5-Oct-84,743297,311211
12-Oct-84,751690,318610
19-Oct-84,748669,315273
26-Oct-84,754795,320900
2-Nov-84,751015,314922
9-Nov-84,763846,325115
16-Nov-84,773429,334201
23-Nov-84,773912,332639
30-Nov-84,768654,325608
7-Dec-84,766366,322292
14-Dec-84,777877,331783
21-Dec-84,768096,320537
28-Dec-84,771438,322281
4-Jan-85,770428,319923
11-Jan-85,774958,324107
18-Jan-85,780308,326508
25-Jan-85,772083,317918
1-Feb-85,766692,309460
8-Feb-85,763744,305989
15-Feb-85,756182,298076
22-Feb-85,754681,295928
1-Mar-85,758276,298757
8-Mar-85,763336,303198
15-Mar-85,767742,307344
22-Mar-85,771428,310423
29-Mar-85,774415,313149
5-Apr-85,763617,302000
12-Apr-85,766706,304744
19-Apr-85,772102,309715
26-Apr-85,786256,322205
3-May-85,795287,330347
10-May-85,793732,327605
17-May-85,796117,328263
24-May-85,803864,333896
31-May-85,804735,333399
7-Jun-85,802494,330564
14-Jun-85,804732,331306
21-Jun-85,804696,330077
28-Jun-85,799832,323682
5-Jul-85,797353,320782
12-Jul-85,792929,314931
19-Jul-85,794981,313728
26-Jul-85,789271,307219
2-Aug-85,785661,302128
9-Aug-85,791222,307275
16-Aug-85,789594,304954
23-Aug-85,779687,294068
30-Aug-85,786600,299740
6-Sep-85,781785,294402
13-Sep-85,782583,294828
20-Sep-85,777560,289541
27-Sep-85,780424,291175
4-Oct-85,783916,294662
11-Oct-85,791591,302337
18-Oct-85,784206,294952
25-Oct-85,787738,298122
1-Nov-85,780656,290776
8-Nov-85,780274,290134
15-Nov-85,778424,288284
22-Nov-85,782470,291676
29-Nov-85,785197,294140
6-Dec-85,792203,300376
13-Dec-85,788853,296771
20-Dec-85,792841,300234
27-Dec-85,791217,298551
3-Jan-86,798463,305147
10-Jan-86,792572,299779
17-Jan-86,790772,297979
24-Jan-86,799138,305632
31-Jan-86,797385,302996
7-Feb-86,805774,311382
14-Feb-86,801146,306754
21-Feb-86,795347,300623
28-Feb-86,805240,310183
7-Mar-86,809635,313853
14-Mar-86,808349,312567
21-Mar-86,811129,314941
28-Mar-86,819985,323395
4-Apr-86,813207,316315
11-Apr-86,816908,319613
18-Apr-86,814778,317219
25-Apr-86,809669,311499
2-May-86,816069,317285
9-May-86,810120,311336
16-May-86,802132,303348
23-May-86,807720,308590
30-May-86,805047,305568
6-Jun-86,811116,310824
13-Jun-86,799944,299249
20-Jun-86,803586,302543
27-Jun-86,805292,303908
4-Jul-86,801127,299341
11-Jul-86,801002,298871
18-Jul-86,809815,307065
25-Jul-86,813146,310051
1-Aug-86,823410,320012
8-Aug-86,816324,312924
15-Aug-86,815062,310871
22-Aug-86,813333,308755
29-Aug-86,815928,310955
5-Sep-86,811219,306246
12-Sep-86,815806,310490
19-Sep-86,812938,307280
26-Sep-86,819659,313278
3-Oct-86,822132,315751
10-Oct-86,819391,313010
17-Oct-86,826816,320001
24-Oct-86,825240,318425
31-Oct-86,835276,327758
7-Nov-86,823166,315272
14-Nov-86,828077,319679
21-Nov-86,826852,318454
28-Nov-86,830304,321037
5-Dec-86,827450,317980
12-Dec-86,830737,321059
19-Dec-86,828638,317982
26-Dec-86,817598,306597
2-Jan-87,819387,307823
9-Jan-87,828882,316926
16-Jan-87,819732,307260
23-Jan-87,817272,304234
30-Jan-87,823390,309455
6-Feb-87,823679,308479
13-Feb-87,823320,307917
20-Feb-87,824014,308205
27-Feb-87,827982,311491
6-Mar-87,827072,310363
13-Mar-87,823961,305895
20-Mar-87,831803,313392
27-Mar-87,826956,308038
3-Apr-87,834010,314031
10-Apr-87,828837,308491
17-Apr-87,820369,299466
24-Apr-87,819417,298167
1-May-87,829550,307567
8-May-87,825486,302611
15-May-87,823633,300278
22-May-87,827225,303381
29-May-87,824387,299567
5-Jun-87,826689,300954
12-Jun-87,827429,301345
19-Jun-87,828312,301883
26-Jun-87,831226,304454
3-Jul-87,832132,304943
10-Jul-87,830849,302862
17-Jul-87,827036,298706
24-Jul-87,830873,301702
31-Jul-87,836747,307077
7-Aug-87,831468,300958
14-Aug-87,833262,302412
21-Aug-87,840508,309220
28-Aug-87,841422,309451
4-Sep-87,845465,313494
11-Sep-87,845005,312686
18-Sep-87,845642,312588
25-Sep-87,849438,316043
2-Oct-87,848080,314186
9-Oct-87,844855,310961
16-Oct-87,847983,313755
23-Oct-87,851818,316857
30-Oct-87,864201,328896
6-Nov-87,869362,333255
13-Nov-87,871678,335157
20-Nov-87,875509,338198
27-Nov-87,873521,335814
4-Dec-87,875851,337304
11-Dec-87,877201,338654
18-Dec-87,879721,340670
25-Dec-87,879336,339178
1-Jan-88,874314,333655
8-Jan-88,861844,320851
15-Jan-88,862053,320568
22-Jan-88,861245,319760
29-Jan-88,858440,316008
5-Feb-88,859847,317127
12-Feb-88,855598,312386
19-Feb-88,864088,320876
26-Feb-88,867717,324061
4-Mar-88,869420,325274
11-Mar-88,869831,325188
18-Mar-88,873580,328937
25-Mar-88,872216,327289
1-Apr-88,873464,328537
8-Apr-88,879484,333705
15-Apr-88,879480,333296
22-Apr-88,884261,338077
29-Apr-88,881732,335042
6-May-88,887593,340335
13-May-88,890802,343544
20-May-88,892721,345463
27-May-88,888805,341208
3-Jun-88,890957,343019
10-Jun-88,889280,340370
17-Jun-88,893477,344567
24-Jun-88,891199,341838
1-Jul-88,892007,342310
8-Jul-88,890187,339783
15-Jul-88,885007,334259
22-Jul-88,881794,330751
29-Jul-88,883710,332365
5-Aug-88,881982,330335
12-Aug-88,879618,327971
19-Aug-88,874852,323205
26-Aug-88,870652,318511
2-Sep-88,865685,313544
9-Sep-88,864719,311683
16-Sep-88,858179,305143
23-Sep-88,853974,300430
30-Sep-88,860182,306036
7-Oct-88,859596,305450
14-Oct-88,865096,310447
21-Oct-88,870245,315085
28-Oct-88,872404,316401
4-Nov-88,878098,322097
11-Nov-88,875519,318675
18-Nov-88,884503,326823
25-Nov-88,880588,322409
2-Dec-88,878419,319749
9-Dec-88,882921,324248
16-Dec-88,878157,318990
23-Dec-88,873932,314765
30-Dec-88,873167,313654
6-Jan-89,865484,305576
13-Jan-89,863426,302665
20-Jan-89,867699,306513
27-Jan-89,868194,307008
3-Feb-89,875807,313945
10-Feb-89,867901,305217
17-Feb-89,869093,306065
24-Feb-89,868629,305255
3-Mar-89,878921,315037
10-Mar-89,878057,313828
17-Mar-89,883938,318360
24-Mar-89,883413,317835
31-Mar-89,873367,307789
7-Apr-89,872737,306513
14-Apr-89,868793,302086
21-Apr-89,879185,312478
28-Apr-89,883997,316567
5-May-89,895047,327039
12-May-89,897795,328885
19-May-89,891310,322400
26-May-89,889909,320489
2-Jun-89,895289,324887
9-Jun-89,892553,321641
16-Jun-89,890135,319223
23-Jun-89,893650,322738
30-Jun-89,887176,315455
7-Jul-89,887810,315749
14-Jul-89,886281,313424
21-Jul-89,885624,312422
28-Jul-89,887725,313680
4-Aug-89,887592,313202
11-Aug-89,884553,310165
18-Aug-89,893519,319131
25-Aug-89,892770,318038
1-Sep-89,893339,317963
8-Sep-89,896173,320241
15-Sep-89,885661,309387
22-Sep-89,887135,310542
29-Sep-89,890249,313121
6-Oct-89,895525,318394
13-Oct-89,901350,323920
20-Oct-89,894932,317150
27-Oct-89,900068,322286
3-Nov-89,898681,320398
10-Nov-89,906613,327954
17-Nov-89,906781,327780
24-Nov-89,903612,324125
1-Dec-89,911872,332385
8-Dec-89,902906,323052
15-Dec-89,907860,328006
22-Dec-89,905214,325360
29-Dec-89,904134,324280
5-Jan-90,904076,324222
12-Jan-90,908047,327819
19-Jan-90,906401,326173
26-Jan-90,904351,324123
2-Feb-90,914727,334128
9-Feb-90,910241,329316
16-Feb-90,907794,326869
23-Feb-90,903218,322293
2-Mar-90,906741,325816
9-Mar-90,913559,332142
16-Mar-90,912113,330696
23-Mar-90,921348,339931
30-Mar-90,924282,342865
6-Apr-90,932221,349942
13-Apr-90,933138,350859
20-Apr-90,931578,349299
27-Apr-90,936163,353507
4-May-90,936904,353485
11-May-90,942503,358198
18-May-90,947177,361994
25-May-90,948900,362719
1-Jun-90,951799,365618
8-Jun-90,953667,367486
15-Jun-90,953182,367001
22-Jun-90,953885,367704
29-Jun-90,955394,368708
6-Jul-90,952344,365658
13-Jul-90,956879,370201
20-Jul-90,954702,368024
27-Jul-90,959271,372593
3-Aug-90,951525,364848
10-Aug-90,946681,360003
17-Aug-90,947535,360333
24-Aug-90,950649,361957
31-Aug-90,946333,356710
7-Sep-90,949206,359583
14-Sep-90,943559,353936
21-Sep-90,937834,348211
28-Sep-90,928007,338384
5-Oct-90,925894,336271
12-Oct-90,918375,328752
19-Oct-90,915615,325992
26-Oct-90,916857,327234
2-Nov-90,920758,331392
9-Nov-90,921253,333036
16-Nov-90,915231,327293
23-Nov-90,911584,324268
30-Nov-90,913758,326855
7-Dec-90,907428,321412
14-Dec-90,905846,320154
21-Dec-90,907684,321992
28-Dec-90,901612,315920
4-Jan-91,893234,307542
11-Jan-91,894131,308440
18-Jan-91,892742,307051
25-Jan-91,892735,307043
1-Feb-91,895841,310149
8-Feb-91,896124,311359
15-Feb-91,900784,317278
22-Feb-91,899428,316183
1-Mar-91,897522,315962
8-Mar-91,892038,314290
15-Mar-91,895651,320665
22-Mar-91,893991,321538
29-Mar-91,897685,326275
5-Apr-91,889746,321264
12-Apr-91,894244,325762
19-Apr-91,891158,322676
26-Apr-91,896702,328220
3-May-91,892623,324141
10-May-91,892389,323906
17-May-91,898381,329898
24-May-91,897808,329325
31-May-91,904685,336202
7-Jun-91,905491,337008
14-Jun-91,906290,337807
21-Jun-91,904911,336429
28-Jun-91,901859,333376
5-Jul-91,903062,334579
12-Jul-91,902012,333524
19-Jul-91,900227,331739
26-Jul-91,896458,327970
2-Aug-91,897147,328659
9-Aug-91,898861,330373
16-Aug-91,896942,328440
23-Aug-91,902246,333744
30-Aug-91,904148,335646
6-Sep-91,894389,325886
13-Sep-91,887822,319319
20-Sep-91,887953,319450
27-Sep-91,892660,324157
4-Oct-91,891572,323069
11-Oct-91,894905,326402
18-Oct-91,892445,323942
25-Oct-91,901266,332763
1-Nov-91,895148,326645
8-Nov-91,898963,330460
15-Nov-91,904101,335596
22-Nov-91,898093,329588
29-Nov-91,892636,324131
6-Dec-91,897629,329127
13-Dec-91,891591,323089
20-Dec-91,887439,318937
27-Dec-91,877359,308857
3-Jan-92,883325,314823
10-Jan-92,886822,318314
17-Jan-92,885646,317138
24-Jan-92,891317,322809
31-Jan-92,886901,318393
7-Feb-92,886715,318207
14-Feb-92,884910,316400
21-Feb-92,888085,319575
28-Feb-92,895106,326596
6-Mar-92,901404,332894
13-Mar-92,895959,327449
20-Mar-92,899490,330980
27-Mar-92,893970,325460
3-Apr-92,890369,321859
10-Apr-92,898825,330314
17-Apr-92,901631,333120
24-Apr-92,902433,333922
1-May-92,903887,335376
8-May-92,903227,334716
15-May-92,904522,336011
22-May-92,899933,331422
29-May-92,897287,328776
5-Jun-92,898109,329598
12-Jun-92,898908,330394
19-Jun-92,892607,324093
26-Jun-92,882710,313189
3-Jul-92,881717,312195
10-Jul-92,884380,314858
17-Jul-92,878013,308493
24-Jul-92,877987,308467
31-Jul-92,883778,314258
7-Aug-92,882007,312486
14-Aug-92,881014,311493
21-Aug-92,885873,316097
28-Aug-92,878737,308645
4-Sep-92,880886,310794
11-Sep-92,880433,310111
18-Sep-92,881269,310947
25-Sep-92,876535,306213
2-Oct-92,880511,309071
9-Oct-92,879730,308292
16-Oct-92,883838,310536
23-Oct-92,884863,311561
30-Oct-92,888470,314967
6-Nov-92,882153,308578
13-Nov-92,875112,301537
20-Nov-92,880930,307093
27-Nov-92,882477,308640
4-Dec-92,881426,307589
11-Dec-92,887200,313161
18-Dec-92,887235,312842
25-Dec-92,875615,301053
1-Jan-93,876611,301973
8-Jan-93,874064,299341
15-Jan-93,882249,307272
22-Jan-93,881251,306106
29-Jan-93,883355,308108
5-Feb-93,887030,311717
12-Feb-93,893719,318408
19-Feb-93,883668,308086
26-Feb-93,891690,315969
5-Mar-93,897703,321897
12-Mar-93,903521,327504
19-Mar-93,891156,314322
26-Mar-93,899598,322220
2-Apr-93,900495,322889
9-Apr-93,913006,334413
16-Apr-93,903746,325153
23-Apr-93,906088,326248
30-Apr-93,910430,328945
7-May-93,911324,329635
14-May-93,916789,335087
21-May-93,920155,338201
28-May-93,916420,334383
4-Jun-93,914807,332686
11-Jun-93,906891,324772
18-Jun-93,916450,334025
25-Jun-93,922740,340315
2-Jul-93,914521,331995
9-Jul-93,918171,335417
16-Jul-93,926522,343583
23-Jul-93,920995,338056
30-Jul-93,916578,333639
6-Aug-93,917991,334659
13-Aug-93,913740,330153
20-Aug-93,909179,325426
27-Aug-93,910619,326782
3-Sep-93,904586,320499
10-Sep-93,905908,321821
17-Sep-93,906793,321610
24-Sep-93,897592,312084
1-Oct-93,895578,309991
8-Oct-93,899907,314249
15-Oct-93,895285,309375
22-Oct-93,902793,316800
29-Oct-93,904663,318584
5-Nov-93,901318,315239
12-Nov-93,906498,320250
19-Nov-93,901306,314738
26-Nov-93,902758,316131
3-Dec-93,908302,321509
10-Dec-93,914631,327837
17-Dec-93,917131,330247
24-Dec-93,916963,330079
31-Dec-93,910560,323542
7-Jan-94,903673,316593
14-Jan-94,903479,316399
21-Jan-94,898067,310921
28-Jan-94,901175,314011
4-Feb-94,905029,317837
11-Feb-94,900674,313482
18-Feb-94,903702,316510
25-Feb-94,896520,309328
4-Mar-94,904138,316945
11-Mar-94,899062,311869
18-Mar-94,912941,323772
25-Mar-94,907810,318641
1-Apr-94,907886,318717
8-Apr-94,909488,319232
15-Apr-94,912342,321163
22-Apr-94,912420,321241
29-Apr-94,913330,322151
6-May-94,907637,316458
13-May-94,906693,315520
20-May-94,908347,317174
27-May-94,907253,316080
3-Jun-94,902769,311596
10-Jun-94,899965,308787
17-Jun-94,898398,307220
24-Jun-94,901877,310699
1-Jul-94,902820,311642
8-Jul-94,903485,311816
15-Jul-94,906667,314998
22-Jul-94,909925,318255
29-Jul-94,904073,312403
5-Aug-94,901556,309883
12-Aug-94,904670,312998
19-Aug-94,901834,310161
26-Aug-94,899390,307717
2-Sep-94,899205,307532
9-Sep-94,898945,307270
16-Sep-94,900400,308725
23-Sep-94,906295,314620
30-Sep-94,909566,317891
7-Oct-94,908634,316959
14-Oct-94,913075,321399
21-Oct-94,911246,319570
28-Oct-94,920581,328905
4-Nov-94,919593,327917
11-Nov-94,918863,327189
18-Nov-94,915885,324211
25-Nov-94,913413,321739
2-Dec-94,913367,321693
9-Dec-94,911878,320205
16-Dec-94,911223,319550
23-Dec-94,911909,320236
30-Dec-94,904519,312846
6-Jan-95,906233,314560
13-Jan-95,904948,313278
20-Jan-95,898534,306864
27-Jan-95,898253,306583
3-Feb-95,901480,309810
10-Feb-95,895147,303476
17-Feb-95,902510,310839
24-Feb-95,896939,305268
3-Mar-95,899905,308234
10-Mar-95,900392,308719
17-Mar-95,900931,309258
24-Mar-95,904981,313308
31-Mar-95,912742,321069
7-Apr-95,909938,318266
14-Apr-95,911122,319450
21-Apr-95,914145,322472
28-Apr-95,910037,318365
5-May-95,908116,316444
12-May-95,908938,317267
19-May-95,904789,313118
26-May-95,901770,310099
2-Jun-95,899614,307943
9-Jun-95,899059,307390
16-Jun-95,898570,306901
23-Jun-95,891103,299434
30-Jun-95,894829,303160
7-Jul-95,893654,301985
14-Jul-95,893637,301968
21-Jul-95,886757,295085
28-Jul-95,889706,298034
4-Aug-95,882865,291165
11-Aug-95,885340,293670
18-Aug-95,877950,286280
25-Aug-95,880903,289233
1-Sep-95,888324,296654
8-Sep-95,883722,292052
15-Sep-95,882818,291145
22-Sep-95,882268,290595
29-Sep-95,877213,285540
6-Oct-95,872829,281156
13-Oct-95,872804,281131
20-Oct-95,874975,283307
27-Oct-95,876499,284831
3-Nov-95,879790,288122
10-Nov-95,878159,286496
17-Nov-95,887768,296105
24-Nov-95,893847,302184
1-Dec-95,890735,299072
8-Dec-95,886475,294812
15-Dec-95,892325,300674
22-Dec-95,886465,294817
29-Dec-95,876239,284591
5-Jan-96,877271,285623
12-Jan-96,880191,288551
19-Jan-96,884469,292829
26-Jan-96,882724,291084
2-Feb-96,880314,288674
9-Feb-96,878080,286440
16-Feb-96,875010,283380
23-Feb-96,875353,283723
1-Mar-96,872078,280448
8-Mar-96,880303,288673
15-Mar-96,875021,283404
22-Mar-96,873804,282187
29-Mar-96,869246,280124
5-Apr-96,871553,282424
12-Apr-96,871467,283823
19-Apr-96,866788,279794
26-Apr-96,865917,279424
3-May-96,873097,286604
10-May-96,871395,284902
17-May-96,866935,280450
24-May-96,868063,281578
31-May-96,879330,293515
7-Jun-96,877666,291863
14-Jun-96,874656,288853
21-Jun-96,874178,289709
28-Jun-96,881031,296562
5-Jul-96,882687,298222
12-Jul-96,879679,295695
19-Jul-96,875440,291857
26-Jul-96,876086,292972
2-Aug-96,873207,290295
9-Aug-96,870523,289134
16-Aug-96,871882,291014
23-Aug-96,881010,300715
30-Aug-96,874299,295650
6-Sep-96,870137,292562
13-Sep-96,866819,290575
20-Sep-96,867471,291751
27-Sep-96,860303,286638
4-Oct-96,859926,286261
11-Oct-96,856619,282960
18-Oct-96,862360,288701
25-Oct-96,859301,285642
1-Nov-96,869551,295892
8-Nov-96,864383,290762
15-Nov-96,861687,288297
22-Nov-96,855564,283501
29-Nov-96,854847,283728
6-Dec-96,852835,282735
13-Dec-96,849608,279788
20-Dec-96,841779,273685
27-Dec-96,843594,276127
3-Jan-97,834666,267904
10-Jan-97,838772,272956
17-Jan-97,836679,271491
24-Jan-97,839646,274863
31-Jan-97,844691,280898
7-Feb-97,847731,284247
14-Feb-97,852214,288732
21-Feb-97,852050,288568
28-Feb-97,846627,283145
7-Mar-97,851957,288475
14-Mar-97,852059,288585
21-Mar-97,850971,287497
28-Mar-97,857317,293843
4-Apr-97,857515,294041
11-Apr-97,860134,296665
18-Apr-97,861594,298115
25-Apr-97,864420,300941
2-May-97,864354,300885
9-May-97,870743,307280
16-May-97,865308,301845
23-May-97,868522,305059
30-May-97,872724,309261
6-Jun-97,872308,308845
13-Jun-97,871048,307589
20-Jun-97,870585,307126
27-Jun-97,864858,301399
4-Jul-97,869677,306218
11-Jul-97,867214,303759
18-Jul-97,865229,301774
25-Jul-97,855339,291884
1-Aug-97,854575,291120
8-Aug-97,859710,296258
15-Aug-97,860334,296882
22-Aug-97,855080,291628
29-Aug-97,853478,290026
5-Sep-97,847380,283928
12-Sep-97,851171,287722
19-Sep-97,847288,283839
26-Sep-97,848606,285157
3-Oct-97,853393,289944
10-Oct-97,851216,287772
17-Oct-97,847918,284474
24-Oct-97,852523,289079
31-Oct-97,858542,295098
7-Nov-97,857233,293789
14-Nov-97,862514,299075
21-Nov-97,866288,302849
28-Nov-97,869108,305669
5-Dec-97,864350,300911
12-Dec-97,866890,303451
19-Dec-97,862912,299482
26-Dec-97,859660,296230
2-Jan-98,853194,289764
9-Jan-98,852114,288685
16-Jan-98,863326,299897
23-Jan-98,869012,305583
30-Jan-98,868440,304961
6-Feb-98,868412,304983
13-Feb-98,870115,306685
20-Feb-98,872998,309568
27-Feb-98,871399,307969
6-Mar-98,870624,307194
13-Mar-98,868563,305137
20-Mar-98,875032,311606
27-Mar-98,876626,313200
3-Apr-98,877995,314569
10-Apr-98,883325,319899
17-Apr-98,888332,324906
24-Apr-98,888635,325209
1-May-98,890794,327368
8-May-98,890131,326705
15-May-98,901354,337928
22-May-98,898108,334682
29-May-98,893820,330394
5-Jun-98,892960,329534
12-Jun-98,890262,326836
19-Jun-98,888610,325182
26-Jun-98,890271,326843
3-Jul-98,887485,324057
10-Jul-98,880854,317425
17-Jul-98,886395,322966
24-Jul-98,890224,326795
31-Jul-98,890907,327478
7-Aug-98,891852,328423
14-Aug-98,891316,327887
21-Aug-98,884438,321012
28-Aug-98,884120,320694
4-Sep-98,875483,312057
11-Sep-98,873101,309675
18-Sep-98,863762,300336
25-Sep-98,866859,303433
2-Oct-98,869319,305893
9-Oct-98,876108,312682
16-Oct-98,879653,316227
23-Oct-98,883390,319964
30-Oct-98,887165,323739
6-Nov-98,886358,322932
13-Nov-98,884412,320397
20-Nov-98,889569,325554
27-Nov-98,884001,319986
4-Dec-98,882480,318465
11-Dec-98,885899,321884
18-Dec-98,891889,323364
25-Dec-98,889231,320706
1-Jan-99,874253,305728
8-Jan-99,876793,308268
15-Jan-99,879500,310975
22-Jan-99,885553,314148
29-Jan-99,888135,316730
5-Feb-99,888536,317131
12-Feb-99,887344,315393
19-Feb-99,890431,318431
26-Feb-99,887225,315274
5-Mar-99,890217,318266
12-Mar-99,893880,321929
19-Mar-99,896687,324736
26-Mar-99,900490,328539
2-Apr-99,898719,326768
9-Apr-99,900836,328885
16-Apr-99,897680,325729
23-Apr-99,894237,322286
30-Apr-99,892096,320145
7-May-99,889490,317539
14-May-99,890544,318092
21-May-99,888221,315769
28-May-99,887174,314722
4-Jun-99,889310,316858
11-Jun-99,892267,318672
18-Jun-99,889544,315949
25-Jun-99,887820,314225
2-Jul-99,887625,314030
9-Jul-99,891313,317718
16-Jul-99,892891,318092
23-Jul-99,887715,312916
30-Jul-99,884315,309516
6-Aug-99,882048,307249
13-Aug-99,881318,305616
20-Aug-99,876793,301091
27-Aug-99,877355,301653
3-Sep-99,872914,297212
10-Sep-99,868632,292930
17-Sep-99,867995,293119
24-Sep-99,863738,288862
1-Oct-99,863271,288395
8-Oct-99,856062,281186
15-Oct-99,860081,284609
22-Oct-99,860350,284878
29-Oct-99,864071,288599
5-Nov-99,861746,288955
12-Nov-99,863524,290755
19-Nov-99,858663,287692
26-Nov-99,853174,283338
3-Dec-99,852178,283063
10-Dec-99,845452,277477
17-Dec-99,844622,276646
24-Dec-99,844029,276345
31-Dec-99,842310,274626
7-Jan-00,844791,277549
14-Jan-00,844982,277464
21-Jan-00,843147,275032
28-Jan-00,835028,266614
4-Feb-00,838976,269982
11-Feb-00,839088,269796
18-Feb-00,838780,269487
25-Feb-00,838911,269816
3-Mar-00,843876,274502
10-Mar-00,844307,274933
17-Mar-00,845945,276572
24-Mar-00,845795,276422
31-Mar-00,847336,277924
7-Apr-00,850183,280771
14-Apr-00,855678,286265
21-Apr-00,860748,291335
28-Apr-00,857484,288071
5-May-00,862020,292607
12-May-00,862270,292857
19-May-00,863219,293806
26-May-00,858618,289205
2-Jun-00,854488,285075
9-Jun-00,853052,283639
16-Jun-00,848491,279078
23-Jun-00,847822,279405
30-Jun-00,846028,277611
7-Jul-00,847777,278885
14-Jul-00,847768,278400
21-Jul-00,848042,278674
28-Jul-00,837588,268121
4-Aug-00,840011,269659
11-Aug-00,843925,273059
18-Aug-00,839767,268901
25-Aug-00,842054,270948
1-Sep-00,844797,273691
8-Sep-00,844129,272764
15-Sep-00,841647,270282
22-Sep-00,841146,269781
29-Sep-00,841541,270873
6-Oct-00,842032,271752
13-Oct-00,837997,267235
20-Oct-00,840402,269640
27-Oct-00,836037,268151
3-Nov-00,832589,266594
10-Nov-00,832589,268091
17-Nov-00,834581,274255
24-Nov-00,828454,274177
1-Dec-00,828995,276195
8-Dec-00,820530,272826
15-Dec-00,819194,275859
22-Dec-00,816514,274608
29-Dec-00,813959,272771
5-Jan-01,812750,272072
12-Jan-01,811740,271062
19-Jan-01,810630,269952
26-Jan-01,807060,266382
2-Feb-01,810971,269298
9-Feb-01,814338,272662
16-Feb-01,802458,260782
23-Feb-01,805337,263661
2-Mar-01,802625,260949
9-Mar-01,811050,268920
16-Mar-01,816213,273922
23-Mar-01,827401,285110
30-Mar-01,829086,286795
6-Apr-01,832897,290606
13-Apr-01,839107,296817
20-Apr-01,837742,295392
27-Apr-01,844067,301717
4-May-01,845144,302335
11-May-01,848081,304811
18-May-01,851423,308153
25-May-01,849681,306411
1-Jun-01,851183,307913
8-Jun-01,842979,299709
15-Jun-01,842251,298981
22-Jun-01,842243,298973
29-Jun-01,837490,294220
6-Jul-01,834845,291112
13-Jul-01,841866,298133
20-Jul-01,843246,299513
27-Jul-01,842196,298463
3-Aug-01,835537,291804
10-Aug-01,832688,288954
17-Aug-01,828685,284951
24-Aug-01,831382,287648
31-Aug-01,829428,285694
7-Sep-01,830389,286655
14-Sep-01,830307,286029
21-Sep-01,833974,289215
28-Sep-01,835586,290827
5-Oct-01,835459,290699
12-Oct-01,831019,286259
19-Oct-01,833842,289082
26-Oct-01,836298,291538
2-Nov-01,840757,295552
9-Nov-01,841019,295285
16-Nov-01,840320,294065
23-Nov-01,837664,290885
30-Nov-01,842465,295140
7-Dec-01,840128,292803
14-Dec-01,841508,293164
21-Dec-01,844824,295777
28-Dec-01,842654,293607
4-Jan-02,844645,294406
11-Jan-02,846705,295434
18-Jan-02,850640,298183
25-Jan-02,853793,300289
1-Feb-02,856721,302497
8-Feb-02,862065,304998
15-Feb-02,859337,301890
22-Feb-02,858593,299422
1-Mar-02,863481,303756
8-Mar-02,864053,304089
15-Mar-02,867613,306697
22-Mar-02,863169,302253
29-Mar-02,869193,308278
5-Apr-02,870028,308541
12-Apr-02,865998,302876
19-Apr-02,869400,304462
26-Apr-02,874551,309034
3-May-02,870114,303358
10-May-02,866889,299171
17-May-02,872140,303801
24-May-02,871756,302265
31-May-02,879039,308297
7-Jun-02,878974,307115
14-Jun-02,879382,306632
21-Jun-02,877526,303193
28-Jun-02,880183,304766
5-Jul-02,876805,300361
12-Jul-02,875906,298381
19-Jul-02,872747,294699
26-Jul-02,870770,292722
2-Aug-02,869164,290642
9-Aug-02,862532,283437
16-Aug-02,865875,286290
23-Aug-02,866770,286554
30-Aug-02,862811,281926
6-Sep-02,859139,276874
13-Sep-02,855101,271470
20-Sep-02,852861,268878
27-Sep-02,844179,258896
4-Oct-02,840480,254248
11-Oct-02,850954,263223
18-Oct-02,858130,270000
25-Oct-02,859477,270914
1-Nov-02,863471,274396
8-Nov-02,858147,267506
15-Nov-02,863910,271961
22-Nov-02,861568,268062
29-Nov-02,865775,271138
6-Dec-02,869699,272561
13-Dec-02,868583,270500
20-Dec-02,870009,271215
27-Dec-02,860984,262089
3-Jan-03,861603,262508
10-Jan-03,855330,256079
17-Jan-03,856915,257664
24-Jan-03,856403,257156
31-Jan-03,857347,258100
7-Feb-03,853026,253779
14-Feb-03,856084,256837
21-Feb-03,855050,255803
28-Feb-03,856747,257500
7-Mar-03,852459,253212
14-Mar-03,852931,253684
21-Mar-03,856636,257389
28-Mar-03,863369,264122
4-Apr-03,859871,260624
11-Apr-03,860204,260756
18-Apr-03,869175,269727
25-Apr-03,870997,271549
2-May-03,870684,271099
9-May-03,868766,268376
16-May-03,870120,269040
23-May-03,871669,270067
30-May-03,875458,272931
6-Jun-03,872215,268240
13-Jun-03,877458,272224
20-Jun-03,873611,268079
27-Jun-03,873290,265963
4-Jul-03,874511,265819
11-Jul-03,871489,262189
18-Jul-03,869850,259850
25-Jul-03,871644,260944
1-Aug-03,876495,264082
8-Aug-03,876824,264262
15-Aug-03,875376,262676
22-Aug-03,878418,262492
29-Aug-03,881246,264253
5-Sep-03,878240,259784
12-Sep-03,883161,262933
19-Sep-03,885790,264423
26-Sep-03,886376,264376
3-Oct-03,893028,269223
10-Oct-03,898706,273020
17-Oct-03,898318,271225
24-Oct-03,903615,274865
31-Oct-03,904900,274914
7-Nov-03,905184,273975
14-Nov-03,909107,276885
21-Nov-03,904631,271996
28-Nov-03,900547,267167
5-Dec-03,895901,261722
12-Dec-03,891298,256598
19-Dec-03,893901,258243
26-Dec-03,890821,254466
2-Jan-04,890843,252611
9-Jan-04,886904,247627
16-Jan-04,888425,248839
23-Jan-04,887785,247323
30-Jan-04,896308,255245
6-Feb-04,894047,252192
13-Feb-04,900536,257092
20-Feb-04,902419,257092
27-Feb-04,905673,259092
5-Mar-04,910271,262729
12-Mar-04,912509,264309
19-Mar-04,921410,271841
26-Mar-04,928421,277539
2-Apr-04,928261,276118
9-Apr-04,932251,279266
16-Apr-04,933786,279474
23-Apr-04,939155,282653
30-Apr-04,940336,282748
7-May-04,942709,283676
14-May-04,941911,282580
21-May-04,942085,282605
28-May-04,945730,285384
4-Jun-04,947442,286099
11-Jun-04,948290,286951
18-Jun-04,950705,289366
25-Jun-04,951242,288862
2-Jul-04,951332,288952
9-Jul-04,949656,286780
16-Jul-04,946080,283207
23-Jul-04,948346,284379
30-Jul-04,947080,282564
6-Aug-04,944097,278427
13-Aug-04,943398,277216
20-Aug-04,942724,275516
27-Aug-04,939800,271284
3-Sep-04,938757,269754
10-Sep-04,932043,262742
17-Sep-04,923487,253630
24-Sep-04,927473,257031
1-Oct-04,928062,257912
8-Oct-04,931315,262115
15-Oct-04,932262,263313
22-Oct-04,936852,267257
29-Oct-04,943244,273529
5-Nov-04,945555,275232
12-Nov-04,947295,276047
19-Nov-04,947379,276132
26-Nov-04,948228,276981
3-Dec-04,950294,277522
10-Dec-04,950630,277396
17-Dec-04,953126,279520
24-Dec-04,952267,278661
31-Dec-04,949442,275442
7-Jan-05,948666,273060
14-Jan-05,952921,276461
21-Jan-05,957508,279890
28-Jan-05,958193,279566
4-Feb-05,957831,278156
11-Feb-05,960813,280298
18-Feb-05,961965,280906
25-Feb-05,964814,283301
4-Mar-05,968291,286276
11-Mar-05,972526,288869
18-Mar-05,978334,292966
25-Mar-05,985227,298349
1-Apr-05,988651,301151
8-Apr-05,993556,304805
15-Apr-05,992836,303032
22-Apr-05,999187,308447
29-Apr-05,1002342,311127
6-May-05,1005574,313562
13-May-05,1010372,317905
20-May-05,1009127,316218
27-May-05,1011001,317706
3-Jun-05,1008650,314711
10-Jun-05,1007863,312928
17-Jun-05,1006912,311349
24-Jun-05,1008253,312453
1-Jul-05,1005184,308884
8-Jul-05,1001985,304985
15-Jul-05,1001569,304085
22-Jul-05,999840,301840
29-Jul-05,1000241,302036
5-Aug-05,1003723,304790
12-Aug-05,1004787,305031
19-Aug-05,1007114,306883
26-Aug-05,1005863,305363
2-Sep-05,999438,298938
9-Sep-05,991578,292378
16-Sep-05,988520,292056
23-Sep-05,985144,289644
30-Sep-05,982648,289398
7-Oct-05,980844,290324
14-Oct-05,984579,295879
21-Oct-05,987393,300293
28-Oct-05,988227,303027
4-Nov-05,991936,307436
11-Nov-05,989977,305277
18-Nov-05,990031,305631
25-Nov-05,986543,301443
2-Dec-05,989830,304230
9-Dec-05,990722,305122
16-Dec-05,991522,306422
23-Dec-05,991640,306540
30-Dec-05,990127,305527
6-Jan-06,986884,302584
13-Jan-06,989625,305325
20-Jan-06,987512,303016
27-Jan-06,988635,304935
3-Feb-06,988423,304523
10-Feb-06,993276,309376
17-Feb-06,994797,310497
24-Feb-06,996735,312135
3-Mar-06,1003576,318776
10-Mar-06,1008412,323612
17-Mar-06,1007502,322302
24-Mar-06,1010032,324332
31-Mar-06,1012742,326442
7-Apr-06,1016051,329594
14-Apr-06,1015684,328788
21-Apr-06,1015678,328562
28-Apr-06,1017903,330289
5-May-06,1018672,330615
12-May-06,1019149,330550
19-May-06,1016151,327552
26-May-06,1017749,329151
2-Jun-06,1019032,330434
9-Jun-06,1018051,329454
16-Jun-06,1019438,330839
23-Jun-06,1016108,327510
30-Jun-06,1013687,325089
7-Jul-06,1007007,319159
14-Jul-06,1007157,319310
21-Jul-06,1007187,319340
28-Jul-06,1005412,317566
4-Aug-06,1004225,316380
11-Aug-06,1002618,314773
18-Aug-06,1001973,314130
25-Aug-06,1004453,316611
1-Sep-06,1002349,314507
8-Sep-06,999443,311603
15-Sep-06,996594,308755
22-Sep-06,996484,308646
29-Sep-06,999839,312001
6-Oct-06,1002059,314132
13-Oct-06,1007078,319152
20-Oct-06,1004142,315947
27-Oct-06,1006295,317857
3-Nov-06,1006889,318374
10-Nov-06,1008262,319657
17-Nov-06,1013423,324818
24-Nov-06,1013063,324458
1-Dec-06,1011873,323268
8-Dec-06,1007578,318973
15-Dec-06,1001255,312650
22-Dec-06,993123,304518
29-Dec-06,991824,303219
5-Jan-07,986075,297470
12-Jan-07,992843,304238
19-Jan-07,993632,305027
26-Jan-07,996316,307711
2-Feb-07,995798,307193
9-Feb-07,995209,306604
16-Feb-07,998903,310298
23-Feb-07,1000324,311719
2-Mar-07,995426,306822
9-Mar-07,996606,308002
16-Mar-07,1000530,311926
23-Mar-07,999683,311080
30-Mar-07,1003990,315387
6-Apr-07,1004880,316219
13-Apr-07,1004140,315225
20-Apr-07,1006324,317299
27-Apr-07,1007781,318468
4-May-07,1013417,323940
11-May-07,1014610,325001
18-May-07,1016661,326970
25-May-07,1015002,325014
1-Jun-07,1015497,325227
8-Jun-07,1015579,325309
15-Jun-07,1022481,332211
22-Jun-07,1024043,333773
29-Jun-07,1027194,336924
6-Jul-07,1025606,335336
13-Jul-07,1025157,334887
20-Jul-07,1024054,333784
27-Jul-07,1017557,327287
3-Aug-07,1013596,323326
10-Aug-07,1008429,318159
17-Aug-07,1010319,320049
24-Aug-07,1006834,316563
31-Aug-07,1002862,312591
7-Sep-07,996015,305578
14-Sep-07,992616,301704
21-Sep-07,996087,303546
28-Sep-07,997488,304684
5-Oct-07,995678,302875
12-Oct-07,997964,304659
19-Oct-07,993222,299371
26-Oct-07,989420,295477
2-Nov-07,988552,294517
9-Nov-07,992011,297331
16-Nov-07,991033,296260
23-Nov-07,990581,295808
30-Nov-07,983304,287895
7-Dec-07,982309,286806
14-Dec-07,974820,279220
21-Dec-07,971422,275921
28-Dec-07,968240,271865
4-Jan-08,961910,265361
11-Jan-08,967689,269620
18-Jan-08,970063,271917
25-Jan-08,973617,275472
1-Feb-08,980594,282340
8-Feb-08,981755,283406
15-Feb-08,985959,287610
22-Feb-08,989418,290841
29-Feb-08,986496,287785
7-Mar-08,993007,294185
14-Mar-08,993822,294318
21-Mar-08,993909,294406
28-Mar-08,1001473,301723
4-Apr-08,998888,298516
11-Apr-08,997173,296160
18-Apr-08,999713,298581
25-Apr-08,1003768,302429
2-May-08,1009413,308082
9-May-08,1010250,308258
16-May-08,1005591,302941
23-May-08,997347,294058
30-May-08,993358,289256
6-Jun-08,988932,284679
13-Jun-08,988181,283437
20-Jun-08,989086,284240
27-Jun-08,988081,282258
4-Jul-08,982508,276552
11-Jul-08,985572,279504
18-Jul-08,984130,277946
25-Jul-08,984165,277865
1-Aug-08,986178,279363
8-Aug-08,986262,279047
15-Aug-08,995651,288437
22-Aug-08,995473,288260
29-Aug-08,993575,286362
5-Sep-08,987695,280482
12-Sep-08,981366,274154
19-Sep-08,978423,272634
26-Sep-08,981326,276912
3-Oct-08,987518,285104
10-Oct-08,992849,290715
17-Oct-08,995784,293897
24-Oct-08,996223,294390
31-Oct-08,996277,294444
7-Nov-08,996225,294394
14-Nov-08,997823,295993
21-Nov-08,1005103,303273
28-Nov-08,1004647,302817
5-Dec-08,1004997,303169
12-Dec-08,1005522,303694
19-Dec-08,1002419,300593
26-Dec-08,1002966,301142
2-Jan-09,1009060,307236
9-Jan-09,1010270,308380
16-Jan-09,1016543,314480
23-Jan-09,1023494,320698
30-Jan-09,1031387,327868
6-Feb-09,1036330,332487
13-Feb-09,1036291,332349
20-Feb-09,1037237,333066
27-Feb-09,1037212,332309
6-Mar-09,1038519,332824
13-Mar-09,1042262,334766
20-Mar-09,1047411,338068
27-Mar-09,1051927,340912
3-Apr-09,1055215,342328
10-Apr-09,1062149,347999
17-Apr-09,1067304,351856
24-Apr-09,1072582,355909
1-May-09,1075600,356863
8-May-09,1071826,352234
15-May-09,1070460,350129
22-May-09,1066332,344716
29-May-09,1069282,347582
5-Jun-09,1064886,343186
12-Jun-09,1061597,339312
19-Jun-09,1058224,335444
26-Jun-09,1055203,331784
3-Jul-09,1052501,329083
10-Jul-09,1050368,326270
17-Jul-09,1048571,324474
24-Jul-09,1053722,329626
31-Jul-09,1055392,331296
7-Aug-09,1058086,333992
14-Aug-09,1049688,325595
21-Aug-09,1049816,325723
28-Aug-09,1049443,325351
4-Sep-09,1043637,319545
11-Sep-09,1039407,314816
18-Sep-09,1042760,317671
25-Sep-09,1045554,320467
2-Oct-09,1044419,319333
9-Oct-09,1044753,319667
16-Oct-09,1046063,320979
23-Oct-09,1046839,321757
30-Oct-09,1042903,317821
6-Nov-09,1044690,319609
13-Nov-09,1043803,318722
20-Nov-09,1044821,319741
27-Nov-09,1047435,321832
4-Dec-09,1044166,318037
11-Dec-09,1040477,314348
18-Dec-09,1035635,309507
25-Dec-09,1034096,307969
1-Jan-10,1033243,306626
8-Jan-10,1036941,310325
15-Jan-10,1036470,309854
22-Jan-10,1032581,305966
29-Jan-10,1034898,308283
5-Feb-10,1037189,310577
12-Feb-10,1040274,313662
19-Feb-10,1043308,316696
26-Feb-10,1047340,320730
5-Mar-10,1048808,322200
12-Mar-10,1049820,323212
19-Mar-10,1057064,330457
26-Mar-10,1059993,333386
2-Apr-10,1062138,335532
9-Apr-10,1059934,333330
16-Apr-10,1061826,335224
23-Apr-10,1063788,337187
30-Apr-10,1066543,339942
7-May-10,1068460,341861
14-May-10,1068620,342023
21-May-10,1071080,344483
28-May-10,1069176,342581
4-Jun-10,1067501,340906
11-Jun-10,1069190,342596
18-Jun-10,1071207,344613
25-Jun-10,1069198,342606
2-Jul-10,1064153,337562
9-Jul-10,1059095,332504
16-Jul-10,1059455,332864
23-Jul-10,1066761,340172
30-Jul-10,1063977,337388
6-Aug-10,1060976,334390
13-Aug-10,1060158,333572
20-Aug-10,1064264,337680
27-Aug-10,1067688,341105
3-Sep-10,1065918,339337
10-Sep-10,1063429,336848
17-Sep-10,1063995,337818
24-Sep-10,1063693,337343
1-Oct-10,1066536,340186
8-Oct-10,1066283,339770
15-Oct-10,1066948,340437
22-Oct-10,1071996,345444
29-Oct-10,1073946,347394
5-Nov-10,1070399,343849
12-Nov-10,1063113,336563
19-Nov-10,1064141,337592
26-Nov-10,1065206,338658
3-Dec-10,1061072,334524
10-Dec-10,1051218,324670
17-Dec-10,1045883,319337
24-Dec-10,1044625,318079
31-Dec-10,1040464,313918
7-Jan-11,1038071,311526
14-Jan-11,1040687,314143
21-Jan-11,1045523,318979
28-Jan-11,1048117,321573
4-Feb-11,1049948,323404
11-Feb-11,1050807,324264
18-Feb-11,1051629,325086
25-Feb-11,1051265,324722
4-Mar-11,1053641,327099
11-Mar-11,1055386,328844
18-Mar-11,1057517,330975
25-Mar-11,1060462,333920
1-Apr-11,1062078,335536
8-Apr-11,1063705,337163
15-Apr-11,1061383,334841
22-Apr-11,1067539,340997
29-Apr-11,1070960,344418
6-May-11,1074592,348050
13-May-11,1074577,348035
20-May-11,1075193,348651
27-May-11,1078071,351529
3-Jun-11,1073439,346897
10-Jun-11,1070033,343491
17-Jun-11,1068311,341780
24-Jun-11,1063936,337405
1-Jul-11,1063063,336532
8-Jul-11,1059939,333408
15-Jul-11,1056212,329681
22-Jul-11,1056240,331977
29-Jul-11,1052688,332927
5-Aug-11,1045073,327806
12-Aug-11,1043392,332039
19-Aug-11,1036377,329826
26-Aug-11,1036932,335107
2-Sep-11,1028085,331146
9-Sep-11,1020381,324442
16-Sep-11,1013045,317106
23-Sep-11,1014974,319021
30-Sep-11,1010295,314342
7-Oct-11,1011531,315575
14-Oct-11,1006797,310846
21-Oct-11,1011532,315581
28-Oct-11,1013358,317407
4-Nov-11,1011770,315819
11-Nov-11,1010713,314763
18-Nov-11,1004495,308544
25-Nov-11,1008427,312476
2-Dec-11,1009576,313625
9-Dec-11,1007644,311693
16-Dec-11,997074,301123
23-Dec-11,1000973,305022
30-Dec-11,1003182,307231
6-Jan-12,1005007,309056
13-Jan-12,1001569,305618
20-Jan-12,1005127,309176
27-Jan-12,1009302,313351
3-Feb-12,1009593,313642
10-Feb-12,1009422,313471
17-Feb-12,1011055,315104
24-Feb-12,1015215,319264
2-Mar-12,1016063,320112
9-Mar-12,1017813,321862
16-Mar-12,1016651,320700
23-Mar-12,1023753,327802
30-Mar-12,1032762,336811
6-Apr-12,1035328,339377
13-Apr-12,1039184,343233
20-Apr-12,1043162,347211
27-Apr-12,1046002,350051
4-May-12,1051291,355340
11-May-12,1053419,357468
18-May-12,1054302,358351
25-May-12,1056515,360564
1-Jun-12,1054752,358801
8-Jun-12,1054561,358610
15-Jun-12,1057422,361471
22-Jun-12,1057289,361338
29-Jun-12,1053019,357068
6-Jul-12,1048164,352213
13-Jul-12,1047355,351404
20-Jul-12,1050072,354121
27-Jul-12,1043549,347599
3-Aug-12,1039774,343824
10-Aug-12,1036075,340125
17-Aug-12,1030663,334713
24-Aug-12,1034441,338491
31-Aug-12,1027015,331065
7-Sep-12,1027424,332474
14-Sep-12,1035960,341008
21-Sep-12,1033514,338562
28-Sep-12,1033032,338080
5-Oct-12,1034544,339592
12-Oct-12,1037404,342452
19-Oct-12,1043300,348348
26-Oct-12,1041255,346303
2-Nov-12,1042802,347850
9-Nov-12,1043891,348939
16-Nov-12,1042425,347473
23-Nov-12,1042078,347126
30-Nov-12,1039721,344769
7-Dec-12,1039861,344909
14-Dec-12,1038897,343945
21-Dec-12,1038311,343359
28-Dec-12,1027191,332239
4-Jan-13,1028083,333131
11-Jan-13,1027447,332180
18-Jan-13,1030260,334993
25-Jan-13,1036400,340940
1-Feb-13,1039081,343274
8-Feb-13,1039803,343834
15-Feb-13,1043946,347977
22-Feb-13,1045076,349107
1-Mar-13,1048812,352843
8-Mar-13,1051436,355467
15-Mar-13,1050122,354153
22-Mar-13,1053378,357409
29-Mar-13,1056085,360116
5-Apr-13,1055967,359998
12-Apr-13,1054734,358765
19-Apr-13,1055681,359712
26-Apr-13,1062377,366408
3-May-13,1062748,366779
10-May-13,1062124,366155
17-May-13,1061786,365817
24-May-13,1064786,368817
31-May-13,1058519,362550
7-Jun-13,1061148,365179
14-Jun-13,1061461,365492
21-Jun-13,1061479,365510
28-Jun-13,1051132,355163
5-Jul-13,1041395,345426
12-Jul-13,1034493,338524
19-Jul-13,1031668,335699
26-Jul-13,1032099,336130
2-Aug-13,1030668,334699
9-Aug-13,1027856,331887
16-Aug-13,1026428,330459
23-Aug-13,1029414,333445
30-Aug-13,1027578,331609
6-Sep-13,1026960,330991
13-Sep-13,1022592,326623
20-Sep-13,1025227,329258
27-Sep-13,1030699,334730
4-Oct-13,1037443,341474
11-Oct-13,1041442,345473
18-Oct-13,1046688,350719
25-Oct-13,1050775,354806
1-Nov-13,1051964,355995
8-Nov-13,1054604,358635
15-Nov-13,1054979,359010
22-Nov-13,1057932,361963
29-Nov-13,1052347,356378
6-Dec-13,1041343,345374
13-Dec-13,1038402,342433
20-Dec-13,1033671,337702
27-Dec-13,1026664,330695
3-Jan-14,1022706,326737
10-Jan-14,1015048,319079
17-Jan-14,1016038,320069
24-Jan-14,1022459,326490
31-Jan-14,1022899,326930
7-Feb-14,1025952,329983
14-Feb-14,1026925,330956
21-Feb-14,1026993,331024
28-Feb-14,1028422,332453
7-Mar-14,1034302,338333
14-Mar-14,1040152,344183
21-Mar-14,1046771,350802
28-Mar-14,1044392,348423
4-Apr-14,1048070,352341
11-Apr-14,1057460,362354
18-Apr-14,1060446,365878
25-Apr-14,1061189,367576
2-May-14,1058868,366004
9-May-14,1058471,366951
16-May-14,1050696,359725
23-May-14,1052353,361382
30-May-14,1048922,357951
6-Jun-14,1046192,355221
13-Jun-14,1045614,354642
20-Jun-14,1047356,356384
27-Jun-14,1044201,353229
4-Jul-14,1041794,350822
11-Jul-14,1034269,343297
18-Jul-14,1030300,339328
25-Jul-14,1026603,335631
1-Aug-14,1025139,334167
8-Aug-14,1026540,335568
15-Aug-14,1022066,331094
22-Aug-14,1019996,329024
29-Aug-14,1019091,328119
5-Sep-14,1018400,327428
12-Sep-14,1022073,331101
19-Sep-14,1017800,326828
26-Sep-14,1016435,325465
3-Oct-14,1021349,330380
10-Oct-14,1030271,339303
17-Oct-14,1037382,346414
24-Oct-14,1039442,348475
31-Oct-14,1039902,348935
7-Nov-14,1037116,346150
14-Nov-14,1039724,348758
21-Nov-14,1041670,350704
28-Nov-14,1037980,347015
5-Dec-14,1039276,348313
12-Dec-14,1038429,347466
19-Dec-14,1045696,354733
26-Dec-14,1043942,352979
2-Jan-15,1039767,348806
9-Jan-15,1045154,354195
16-Jan-15,1055224,364266
23-Jan-15,1064097,373140
30-Jan-15,1070430,379473
6-Feb-15,1074756,383800
13-Feb-15,1082471,391516
20-Feb-15,1090898,399943
27-Feb-15,1101201,410246
6-Mar-15,1106378,415425
13-Mar-15,1116000,425047
20-Mar-15,1124169,433217
27-Mar-15,1128935,437983
3-Apr-15,1140614,449662
10-Apr-15,1141906,450956
17-Apr-15,1147221,456271
24-Apr-15,1149129,458181
1-May-15,1145027,454079
8-May-15,1142835,451888
15-May-15,1140474,449214
22-May-15,1138259,446412
29-May-15,1136810,444464
5-Jun-15,1130792,438447
12-Jun-15,1128715,435771
19-Jun-15,1124131,430837
26-Jun-15,1126915,433223
3-Jul-15,1127937,433714
10-Jul-15,1123990,429368
17-Jul-15,1126971,431836
24-Jul-15,1122767,427633
31-Jul-15,1118360,423226
7-Aug-15,1116956,421822
14-Aug-15,1119575,424442
21-Aug-15,1114123,418990
28-Aug-15,1118790,423657
4-Sep-15,1121192,426062
11-Sep-15,1119088,423958
18-Sep-15,1117163,422033
25-Sep-15,1121116,425988
2-Oct-15,1124156,429028
9-Oct-15,1131718,436590
16-Oct-15,1139745,444618
23-Oct-15,1143121,447994
30-Oct-15,1145968,450841
6-Nov-15,1149948,454822
13-Nov-15,1150200,455074
20-Nov-15,1151160,456035
27-Nov-15,1152337,457212
4-Dec-15,1148676,453553
11-Dec-15,1153477,458354
18-Dec-15,1147600,452477
25-Dec-15,1150226,455106
1-Jan-16,1146076,450956
8-Jan-16,1146309,451190
15-Jan-16,1150287,455169
22-Jan-16,1158670,463552
29-Jan-16,1166461,471344
5-Feb-16,1165792,470676
12-Feb-16,1167939,472823
19-Feb-16,1171440,476325
26-Feb-16,1181814,486699
4-Mar-16,1185955,490843
11-Mar-16,1187274,492160
18-Mar-16,1196631,501517
25-Mar-16,1198928,503816
1-Apr-16,1193710,498598
8-Apr-16,1200344,505232
15-Apr-16,1202424,507312
22-Apr-16,1204422,509311
29-Apr-16,1207203,512095
6-May-16,1203594,508487
13-May-16,1204904,509797
20-May-16,1200677,505571
27-May-16,1199311,504205
3-Jun-16,1196948,501844
10-Jun-16,1196015,500911
17-Jun-16,1195098,499994
24-Jun-16,1191045,495941
1-Jul-16,1188820,493718
8-Jul-16,1186272,491172
15-Jul-16,1183929,488830
22-Jul-16,1185600,490501
29-Jul-16,1187013,491914
5-Aug-16,1188065,492969
12-Aug-16,1185557,490461
19-Aug-16,1188057,492962
26-Aug-16,1190332,495238
2-Sep-16,1175818,480725
9-Sep-16,1175259,480166
16-Sep-16,1169058,473966
23-Sep-16,1167176,472084
30-Sep-16,1164199,469108
7-Oct-16,1169048,473958
14-Oct-16,1163800,468711
21-Oct-16,1163247,468158
28-Oct-16,1177666,482578
4-Nov-16,1180097,485010
11-Nov-16,1185371,490284
18-Nov-16,1184115,489029
25-Nov-16,1183230,488145
2-Dec-16,1180840,485756
9-Dec-16,1178277,483193
16-Dec-16,1180532,485449
23-Dec-16,1181145,486063
30-Dec-16,1174094,479012
6-Jan-17,1178191,483109
13-Jan-17,1180537,485456
20-Jan-17,1183377,488296
27-Jan-17,1189841,494762
3-Feb-17,1203670,508592
10-Feb-17,1213197,518119
17-Feb-17,1213761,518683
24-Feb-17,1215260,520184
3-Mar-17,1223218,528393
10-Mar-17,1222165,528156
17-Mar-17,1226493,533110
24-Mar-17,1226636,533977
31-Mar-17,1227678,535543
7-Apr-17,1224887,533377
14-Apr-17,1223654,532343
21-Apr-17,1219512,528702
28-Apr-17,1217110,527772
5-May-17,1211312,522525
12-May-17,1208831,520772
19-May-17,1204001,516340
26-May-17,1196594,509912
2-Jun-17,1198233,513207
9-Jun-17,1196171,511546
16-Jun-17,1192937,509095
23-Jun-17,1191649,509213
30-Jun-17,1184951,502914
7-Jul-17,1174237,495350
14-Jul-17,1169508,490623
21-Jul-17,1162300,483415
28-Jul-17,1160772,481888
4-Aug-17,1154320,475437
11-Aug-17,1145375,466492
18-Aug-17,1142048,463165
25-Aug-17,1136653,457773
1-Sep-17,1140953,462353
8-Sep-17,1145248,468241
15-Sep-17,1148229,472832
22-Sep-17,1145587,470986
29-Sep-17,1138612,464963
6-Oct-17,1134665,462216
13-Oct-17,1128176,456485
20-Oct-17,1128718,457341
27-Oct-17,1125493,454906
3-Nov-17,1127049,457143
10-Nov-17,1128197,458997
17-Nov-17,1124617,457142
24-Nov-17,1118824,453713
1-Dec-17,1110766,448103
8-Dec-17,1105897,442986
15-Dec-17,1099785,436491
22-Dec-17,1095274,431882
29-Dec-17,1088211,424463
5-Jan-18,1083262,419515
12-Jan-18,1076872,412654
19-Jan-18,1076037,411583
26-Jan-18,1083045,418359
2-Feb-18,1085402,420254
9-Feb-18,1087663,422095
16-Feb-18,1085351,420479
23-Feb-18,1088779,423498
2-Mar-18,1091364,425906
9-Mar-18,1096386,430928
16-Mar-18,1093764,428306
23-Mar-18,1095407,429949
30-Mar-18,1090788,425332
6-Apr-18,1094094,428638
13-Apr-18,1093023,427567
20-Apr-18,1094455,429737
27-Apr-18,1100221,435955
4-May-18,1097315,433758
11-May-18,1094391,432354
18-May-18,1099468,438132
25-May-18,1095289,434512
1-Jun-18,1096752,436584
8-Jun-18,1092609,432441
15-Jun-18,1086543,426527
22-Jun-18,1076652,416636
29-Jun-18,1077897,417881
6-Jul-18,1065263,405248
13-Jul-18,1071098,411084
20-Jul-18,1064951,404937
27-Jul-18,1068754,408740
3-Aug-18,1067402,407389
10-Aug-18,1074207,414194
17-Aug-18,1068370,408358
24-Aug-18,1065804,405792
31-Aug-18,1061502,401490
7-Sep-18,1056205,396194
14-Sep-18,1054147,394137
21-Sep-18,1055999,395989
28-Sep-18,1063974,403964
5-Oct-18,1068655,409951
12-Oct-18,1074075,416441
19-Oct-18,1079263,422787
26-Oct-18,1080939,426004
2-Nov-18,1086487,431787
9-Nov-18,1095386,442057
16-Nov-18,1099477,446908
23-Nov-18,1101049,450485
30-Nov-18,1092723,443162
7-Dec-18,1091517,441954
14-Dec-18,1090594,441457
21-Dec-18,1090550,441411
28-Dec-18,1090557,441418
4-Jan-19,1088877,439738
11-Jan-19,1086194,437055
18-Jan-19,1094164,445025
25-Jan-19,1095083,445944
1-Feb-19,1096346,447207
8-Feb-19,1099979,450840
15-Feb-19,1103651,454512
22-Feb-19,1095004,445865
1-Mar-19,1102060,452934
8-Mar-19,1098198,449072
15-Mar-19,1088609,439483
22-Mar-19,1091409,442283
29-Mar-19,1098647,449521
5-Apr-19,1105676,456550
12-Apr-19,1104280,455154
19-Apr-19,1109759,460633
26-Apr-19,1119154,470567
3-May-19,1114321,466604
10-May-19,1117988,472035
17-May-19,1121593,476775
24-May-19,1121311,476493
31-May-19,1128082,483264
7-Jun-19,1130288,485470
14-Jun-19,1127182,482364
21-Jun-19,1114394,469576
28-Jun-19,1113309,468491
5-Jul-19,1103810,458992
12-Jul-19,1100694,455876
19-Jul-19,1089859,445041
26-Jul-19,1081363,436545
2-Aug-19,1083748,438930
9-Aug-19,1085328,440510
16-Aug-19,1082596,437778
23-Aug-19,1072569,427751
30-Aug-19,1067798,422980
6-Sep-19,1060886,416068
13-Sep-19,1061944,417126
20-Sep-19,1064356,419538
27-Sep-19,1067460,422642
4-Oct-19,1070187,425569
11-Oct-19,1078199,434850
18-Oct-19,1075501,433151
25-Oct-19,1080505,438853
1-Nov-19,1087734,446782
8-Nov-19,1088510,449001
15-Nov-19,1087917,450380
22-Nov-19,1088122,451952
29-Nov-19,1082262,447096
6-Dec-19,1082886,447918
13-Dec-19,1081800,446833
20-Dec-19,1076326,441359
27-Dec-19,1064863,429896
3-Jan-20,1066027,431060
10-Jan-20,1063478,428511
17-Jan-20,1063073,428106
24-Jan-20,1066621,431654
31-Jan-20,1069976,435009
7-Feb-20,1077435,442468
14-Feb-20,1077850,442883
21-Feb-20,1078302,443335
28-Feb-20,1079086,444119
6-Mar-20,1086750,451783
13-Mar-20,1088704,453737
20-Mar-20,1090327,455360
27-Mar-20,1104160,469193
3-Apr-20,1119337,484370
10-Apr-20,1138585,503618
17-Apr-20,1153607,518640
24-Apr-20,1163748,527631
1-May-20,1170054,532221
8-May-20,1171242,531476
15-May-20,1168142,526494
22-May-20,1178181,534422
29-May-20,1180124,532345
5-Jun-20,1188064,538065
12-Jun-20,1191010,539280
19-Jun-20,1194443,540722
26-Jun-20,1188940,533527
3-Jul-20,1195204,539181
10-Jul-20,1187837,531688
17-Jul-20,1192727,536580
24-Jul-20,1182116,525969
31-Jul-20,1174737,518596
7-Aug-20,1167983,514084
14-Aug-20,1163680,512452
21-Aug-20,1157228,507763
28-Aug-20,1146566,498401
4-Sep-20,1148294,500434
11-Sep-20,1141778,496045
18-Sep-20,1139358,494406
25-Sep-20,1135577,492426
2-Oct-20,1134933,492927
9-Oct-20,1129956,489109
16-Oct-20,1128188,488107
23-Oct-20,1131850,492427
30-Oct-20,1123699,484429
6-Nov-20,1127412,488706
13-Nov-20,1127776,489475
20-Nov-20,1126911,488721
27-Nov-20,1126232,488042
4-Dec-20,1141316,503231
11-Dec-20,1138182,500096
18-Dec-20,1137619,499534
25-Dec-20,1131554,493469
1-Jan-21,1123544,485459
8-Jan-21,1120296,482211
15-Jan-21,1124648,486563
22-Jan-21,1114739,476653
29-Jan-21,1113745,475659
5-Feb-21,1106935,469014
12-Feb-21,1099530,461757
19-Feb-21,1100815,463042
26-Feb-21,1122378,484605
5-Mar-21,1136176,498403
12-Mar-21,1138572,500799
19-Mar-21,1140484,502711
26-Mar-21,1139608,501835
2-Apr-21,1136086,498313
9-Apr-21,1129090,492423
16-Apr-21,1128941,493017
23-Apr-21,1127582,493107
30-Apr-21,1118544,485117
7-May-21,1116719,484691
14-May-21,1116138,486011
21-May-21,1112830,484349
28-May-21,1107103,479270
4-Jun-21,1100513,474029
11-Jun-21,1092267,466674
18-Jun-21,1082948,459060
25-Jun-21,1074829,452342
2-Jul-21,1066780,445476
9-Jul-21,1058884,437580
16-Jul-21,1060991,439687
23-Jul-21,1056902,435598
30-Jul-21,1060529,439225
6-Aug-21,1060081,438777
13-Aug-21,1056846,435544
20-Aug-21,1053866,432564
27-Aug-21,1046697,425395
3-Sep-21,1045169,423867
10-Sep-21,1038218,417445
17-Sep-21,1033533,413964
24-Sep-21,1037231,418542
1-Oct-21,1038657,420887
8-Oct-21,1043945,426975
15-Oct-21,1041820,426544
22-Oct-21,1044998,430812
29-Oct-21,1046643,434102
5-Nov-21,1044500,435104
12-Nov-21,1039150,433003
19-Nov-21,1038525,434020
26-Nov-21,1035667,433111
3-Dec-21,1033737,432870
10-Dec-21,1027203,428286
17-Dec-21,1019952,423571
24-Dec-21,1015023,419995
31-Dec-21,1011533,417851
7-Jan-22,1006680,413298
14-Jan-22,1005847,413813
21-Jan-22,1006972,416190
28-Jan-22,1004055,415143
4-Feb-22,997902,410387
11-Feb-22,996336,411508
18-Feb-22,998406,416022
25-Feb-22,993445,413425
4-Mar-22,989058,411562
11-Mar-22,991420,415907
18-Mar-22,984722,413399
25-Mar-22,978272,409950
1-Apr-22,976951,412371
8-Apr-22,982434,421753
15-Apr-22,969713,413733
22-Apr-22,967494,414424
29-Apr-22,965712,415727
6-May-22,967208,424214
13-May-22,958804,420820
20-May-22,951814,419801
27-May-22,941325,414733
3-Jun-22,936081,416758
10-Jun-22,930326,418714
17-Jun-22,923146,418328
24-Jun-22,913434,415566
1-Jul-22,915828,423800
8-Jul-22,912201,427054
15-Jul-22,906758,426609
22-Jul-22,896631,422086
29-Jul-22,896408,426553
5-Aug-22,896568,432010
12-Aug-22,886110,424954
19-Aug-22,874737,421672
26-Aug-22,868344,418346
2-Sep-22,869662,427191
9-Sep-22,863690,429633
16-Sep-22,857932,430774
23-Sep-22,853142,430559
30-Sep-22,845592,429203
7-Oct-22,847781,439082
14-Oct-22,842492,437357
21-Oct-22,841663,439945
28-Oct-22,836622,436830
4-Nov-22,836974,440755
11-Nov-22,827474,435355
18-Nov-22,822183,431665
25-Nov-22,808200,419084
2-Dec-22,800917,413898
9-Dec-22,806400,424129
16-Dec-22,796858,418234
23-Dec-22,794080,418952
30-Dec-22,793026,420646
6-Jan-23,811187,439607
13-Jan-23,819594,448015
20-Jan-23,820127,448548
27-Jan-23,824267,452688
3-Feb-23,826690,455111
10-Feb-23,842973,471394
17-Feb-23,850620,479041
24-Feb-23,851786,480207
3-Mar-23,850092,478513
10-Mar-23,851642,480063
17-Mar-23,852759,481180
24-Mar-23,845270,473691
31-Mar-23,841127,469952
7-Apr-23,840124,470549
14-Apr-23,833931,465968
21-Apr-23,827856,460914
28-Apr-23,824571,459633
5-May-23,824598,462584
12-May-23,827210,467624
19-May-23,813122,455168
26-May-23,815093,459657
2-Jun-23,812774,459205
9-Jun-23,818811,467124
16-Jun-23,813261,463293
23-Jun-23,802307,453690
30-Jun-23,799341,452182
7-Jul-23,804886,458128
14-Jul-23,804179,457420
21-Jul-23,803579,456820
28-Jul-23,786530,439771
4-Aug-23,793376,445622
11-Aug-23,788016,439662
18-Aug-23,782476,433528
25-Aug-23,772486,422944
1-Sep-23,766977,416637
8-Sep-23,771222,420592
15-Sep-23,769686,418456
22-Sep-23,767267,416287
29-Sep-23,765343,414063
6-Oct-23,775513,424239
13-Oct-23,771022,419748
20-Oct-23,772394,421120
27-Oct-23,773167,421893
3-Nov-23,787036,435762
10-Nov-23,790628,439354
17-Nov-23,799328,448054
24-Nov-23,801251,449664
1-Dec-23,796948,445031
8-Dec-23,792684,440773
15-Dec-23,796222,443682
22-Dec-23,789901,436568
29-Dec-23,785453,431065
5-Jan-24,787397,432403
12-Jan-24,785501,429911
19-Jan-24,777188,420678
26-Jan-24,779314,421912
2-Feb-24,785449,427432
9-Feb-24,798213,439450
16-Feb-24,802475,442964
23-Feb-24,807417,447163
1-Mar-24,809490,448530
8-Mar-24,808550,446994
15-Mar-24,807348,445042
22-Mar-24,811257,448207
29-Mar-24,815058,451417
5-Apr-24,821494,457258
12-Apr-24,824877,459993
19-Apr-24,819302,453625
26-Apr-24,827161,460890
3-May-24,826746,459528
10-May-24,824831,457020
17-May-24,827649,458845
24-May-24,823978,454689
31-May-24,826109,455922
7-Jun-24,830178,459652
14-Jun-24,828017,457105
21-Jun-24,832893,460696
28-Jun-24,821134,448539
5-Jul-24,818168,445096
12-Jul-24,813948,440226
19-Jul-24,810897,436485
26-Jul-24,808146,433049
2-Aug-24,805154,429321
9-Aug-24,807205,430678
16-Aug-24,803192,426029
23-Aug-24,803091,425183
30-Aug-24,797982,418310
6-Sep-24,799094,419143
13-Sep-24,798119,417513
20-Sep-24,794935,413042
27-Sep-24,799484,416931
4-Oct-24,805671,422741
11-Oct-24,804432,420550
18-Oct-24,810666,426024
