Exchange Date,Close,Net,%Chg,Open,Low,High,Volume,OI,Bid,Ask
25-Oct-2024,72.57,+3.35,+4.84%,69.46,69.00,72.66,"99,850","22,842.00",72.54,72.56
18-Oct-2024,69.22,-6.34,-8.39%,75.05,68.69,75.08,"1,108,559","60,833.00",69.25,69.64
11-Oct-2024,75.56,+1.18,+1.59%,74.40,71.53,78.46,"1,953,692","169,437.00",75.40,75.54
04-Oct-2024,74.38,+6.20,+9.09%,68.63,66.33,75.57,"2,336,925","265,679.00",74.44,74.47
27-Sep-2024,68.18,-3.74,-5.20%,71.31,66.95,72.40,"1,952,222","329,816.00",68.63,68.64
20-Sep-2024,71.92,+3.27,+4.76%,69.16,68.65,72.49,"780,231",786.00,71.38,72.44
13-Sep-2024,68.65,+0.98,+1.45%,68.13,65.27,70.32,"1,796,863","168,202.00",69.22,69.25
06-Sep-2024,67.67,-5.88,-7.99%,73.53,67.17,74.41,"1,785,312","249,665.00",68.16,68.18
30-Aug-2024,73.55,-1.28,-1.71%,75.10,73.36,77.60,"1,913,618","271,331.00",73.64,73.67
23-Aug-2024,74.83,-1.82,-2.37%,76.58,71.46,76.87,"1,182,380","345,594.00",74.96,74.98
16-Aug-2024,76.65,-0.19,-0.25%,76.99,75.54,80.16,"1,401,078","65,315.00",76.35,76.62
09-Aug-2024,76.84,+3.32,+4.52%,74.21,71.67,77.09,"1,870,704","210,263.00",76.90,77.20
02-Aug-2024,73.52,-3.64,-4.72%,77.30,72.97,78.88,"2,093,228","326,391.00",74.03,74.25
26-Jul-2024,77.16,-2.97,-3.71%,80.39,76.04,80.69,"1,623,656","378,947.00",76.43,76.45
19-Jul-2024,80.13,-2.08,-2.53%,82.16,80.07,83.82,"1,041,642","21,402.00",79.92,80.39
12-Jul-2024,82.21,-0.95,-1.14%,83.15,80.81,83.74,"1,577,711","185,720.00",82.19,82.20
05-Jul-2024,83.16,+1.62,+1.99%,81.45,81.38,84.52,"1,364,609","266,354.00",83.44,83.46
28-Jun-2024,81.54,+0.81,+1.00%,80.45,80.18,82.72,"1,432,787","324,086.00",81.45,81.48
21-Jun-2024,80.73,+2.28,+2.91%,78.48,77.98,82.41,"581,210","340,335.00",80.56,80.61
14-Jun-2024,78.45,+2.92,+3.87%,75.35,75.23,79.32,"1,507,655","95,233.00",78.46,78.51
07-Jun-2024,75.53,-1.46,-1.90%,76.97,72.48,77.52,"1,731,028","269,326.00",75.35,75.38
31-May-2024,76.99,-0.73,-0.94%,77.81,76.67,80.62,"1,312,567","361,691.00",77.07,77.40
24-May-2024,77.72,-2.34,-2.92%,80.01,76.15,80.60,"1,062,744","403,143.00",77.77,77.83
17-May-2024,80.06,+1.80,+2.30%,78.18,76.70,80.14,"1,240,807","64,368.00",79.75,80.00
10-May-2024,78.26,+0.15,+0.19%,78.16,76.89,79.96,"1,534,292","239,274.00",78.18,78.23
03-May-2024,78.11,-5.74,-6.85%,83.69,77.96,83.91,"1,863,732","347,488.00",77.95,78.01
26-Apr-2024,83.85,+0.71,+0.85%,83.05,80.88,84.46,"1,273,309","398,856.00",83.64,83.70
19-Apr-2024,83.14,-2.52,-2.94%,85.93,81.56,86.28,"1,006,146","23,454.00",82.33,85.90
12-Apr-2024,85.66,-1.25,-1.44%,86.10,84.55,87.67,"1,840,753","157,589.00",85.43,85.48
05-Apr-2024,86.91,+3.74,+4.50%,83.14,82.60,87.63,"1,700,388","275,999.00",86.72,86.78
29-Mar-2024,83.17,+2.54,+3.15%,80.85,80.55,83.21,"1,079,943","348,085.00",83.10,83.16
22-Mar-2024,80.63,-0.41,-0.51%,81.03,80.30,83.85,"685,537","347,082.00",80.78,80.81
15-Mar-2024,81.04,+3.03,+3.88%,77.80,76.79,81.62,"1,438,713","66,311.00",80.98,81.04
08-Mar-2024,78.01,-1.96,-2.45%,80.14,77.52,80.67,"1,935,240","219,811.00",77.82,77.87
01-Mar-2024,79.97,+3.48,+4.55%,76.40,75.84,80.85,"1,555,345","284,231.00",79.79,79.83
23-Feb-2024,76.49,-2.70,-3.41%,78.98,76.32,79.80,"1,042,058","347,505.00",76.56,76.62
16-Feb-2024,79.19,+2.35,+3.06%,76.60,75.54,79.35,"1,118,926","25,634.00",78.93,79.32
09-Feb-2024,76.84,+4.56,+6.31%,72.75,71.41,77.29,"1,637,271","199,432.00",76.55,76.63
02-Feb-2024,72.28,-5.73,-7.35%,78.90,71.79,79.29,"2,069,364","350,720.00",72.28,72.50
26-Jan-2024,78.01,+4.60,+6.27%,73.41,72.89,78.26,"1,344,326","387,799.00",78.21,78.26
19-Jan-2024,73.41,+0.73,+1.00%,72.63,70.50,74.91,"910,996","23,764.00",73.41,75.20
12-Jan-2024,72.68,-1.13,-1.53%,73.51,70.13,75.25,"1,885,747","148,743.00",72.72,72.79
05-Jan-2024,73.81,+2.16,+3.01%,71.71,69.28,74.24,"1,335,845","230,314.00",73.94,73.99
29-Dec-2023,71.65,-1.91,-2.60%,73.56,71.25,76.18,"939,272","279,800.00",71.30,71.35
22-Dec-2023,73.56,+2.13,+2.98%,71.68,70.64,75.37,"847,576","288,837.00",73.47,73.53
15-Dec-2023,71.43,+0.20,+0.28%,71.15,67.71,72.46,"1,277,141","51,630.00",71.20,71.99
08-Dec-2023,71.23,-2.84,-3.83%,74.58,68.80,75.03,"1,825,588","233,343.00",71.24,71.31
01-Dec-2023,74.07,-1.47,-1.95%,75.31,73.93,79.60,"1,816,495","333,756.00",74.36,74.41
24-Nov-2023,75.54,-0.35,-0.46%,75.65,73.79,78.22,"936,354","340,215.00",75.14,75.22
17-Nov-2023,75.89,-1.28,-1.66%,77.15,72.16,79.77,"1,034,855","19,048.00",71.50,75.90
10-Nov-2023,77.17,-3.34,-4.15%,81.13,74.91,82.24,"1,667,495","205,339.00",77.33,77.40
03-Nov-2023,80.51,-5.03,-5.88%,85.00,80.10,85.30,"1,788,930","300,777.00",80.81,80.90
27-Oct-2023,85.54,-3.21,-3.62%,88.00,82.08,88.29,"1,791,119","317,186.00",84.95,85.23
20-Oct-2023,88.75,+1.06,+1.21%,87.72,85.60,90.78,"625,067","8,575.00",88.80,90.88
13-Oct-2023,87.69,+4.90,+5.92%,85.25,82.31,87.83,"1,928,441","130,624.00",87.40,87.75
06-Oct-2023,82.79,-8.00,-8.81%,90.82,81.50,91.88,"2,072,283","240,655.00",82.77,82.82
29-Sep-2023,90.79,+0.76,+0.84%,90.55,88.19,95.03,"1,913,506","329,101.00",90.75,90.78
22-Sep-2023,90.03,-0.74,-0.82%,91.20,88.37,93.74,"1,002,968","364,188.00",90.31,90.35
15-Sep-2023,90.77,+3.26,+3.73%,87.40,86.71,91.23,"1,619,770","86,359.00",91.20,91.24
08-Sep-2023,87.51,+1.96,+2.29%,86.06,85.02,88.08,"1,325,196","269,789.00",87.21,87.25
01-Sep-2023,85.55,+5.72,+7.17%,80.15,79.34,86.06,"1,619,479","299,793.00",86.02,86.06
25-Aug-2023,79.83,-1.42,-1.75%,81.43,77.59,82.47,"1,276,348","327,930.00",79.98,80.08
18-Aug-2023,81.25,-1.94,-2.33%,83.09,78.95,83.20,"1,269,633","64,871.00",81.17,81.73
11-Aug-2023,83.19,+0.37,+0.45%,82.82,79.90,84.89,"1,889,163","209,175.00",83.03,83.10
04-Aug-2023,82.82,+2.24,+2.78%,80.65,78.69,83.24,"1,743,468","318,579.00",82.64,82.69
28-Jul-2023,80.58,+3.51,+4.55%,77.01,76.44,80.71,"1,713,821","349,307.00",80.66,80.72
21-Jul-2023,77.07,+1.65,+2.19%,75.02,73.84,77.29,"794,616","375,029.00",76.78,76.85
14-Jul-2023,75.42,+1.56,+2.11%,73.86,72.67,77.33,"1,660,088","138,498.00",75.23,75.31
07-Jul-2023,73.86,+3.22,+4.56%,70.45,69.69,73.92,"1,518,301","284,207.00",73.66,73.74
30-Jun-2023,70.64,+1.48,+2.14%,69.84,67.05,71.04,"1,625,901","325,984.00",70.39,70.49
23-Jun-2023,69.16,-2.62,-3.65%,71.45,67.35,72.72,"1,037,223","378,613.00",69.36,69.56
16-Jun-2023,71.78,+1.61,+2.29%,70.27,66.80,71.89,"1,290,370","26,360.00",70.24,71.63
09-Jun-2023,70.17,-1.57,-2.19%,75.03,69.03,75.06,"1,784,152","236,361.00",70.30,70.34
02-Jun-2023,71.74,-0.93,-1.28%,73.23,67.03,73.55,"1,603,638","350,582.00",71.74,71.96
26-May-2023,72.67,+1.12,+1.57%,71.70,70.55,74.73,"1,407,011","374,776.00",72.86,72.92
19-May-2023,71.55,+1.51,+2.16%,70.04,69.41,73.40,"915,862","20,121.00",71.51,72.00
12-May-2023,70.04,-1.30,-1.82%,71.35,69.93,73.89,"1,600,402","195,781.00",70.04,70.11
05-May-2023,71.34,-5.44,-7.09%,76.66,63.64,76.69,"1,866,440","295,580.00",71.33,71.38
28-Apr-2023,76.78,-1.09,-1.40%,77.97,73.93,79.18,"1,840,423","336,734.00",76.59,76.69
21-Apr-2023,77.87,-4.65,-5.63%,82.48,76.72,82.71,"707,749","388,044.00",77.91,77.99
14-Apr-2023,82.52,+1.82,+2.26%,80.50,79.37,83.53,"1,467,081","124,768.00",82.65,82.71
07-Apr-2023,80.70,+5.03,+6.65%,80.10,79.00,81.81,"1,405,185","258,152.00",80.42,80.51
31-Mar-2023,75.67,+6.41,+9.25%,69.42,69.13,75.72,"1,568,843","303,668.00",75.66,75.71
24-Mar-2023,69.26,+2.52,+3.78%,66.62,64.12,71.67,"1,156,951","342,475.00",69.14,69.28
17-Mar-2023,66.74,-9.94,-12.96%,76.60,65.17,77.47,"1,924,820","50,109.00",65.95,66.62
10-Mar-2023,76.68,-3.00,-3.77%,79.92,74.77,80.94,"1,748,316","181,391.00",76.61,76.69
03-Mar-2023,79.68,+3.36,+4.40%,76.42,74.99,79.90,"1,542,837","269,476.00",79.84,79.89
24-Feb-2023,76.32,-0.02,-0.03%,76.53,73.80,77.51,"1,030,588","306,438.00",76.44,76.50
17-Feb-2023,76.34,-3.38,-4.24%,79.94,75.06,80.62,"1,076,590","29,064.00",76.03,76.65
10-Feb-2023,79.72,+6.33,+8.63%,73.23,72.25,80.33,"1,821,993","171,732.00",79.73,79.80
03-Feb-2023,73.39,-6.29,-7.89%,80.04,73.10,80.49,"1,754,188","277,726.00",73.20,73.25
27-Jan-2023,79.68,-1.63,-2.00%,81.79,79.04,82.64,"1,541,165","299,802.00",79.33,79.45
20-Jan-2023,81.31,+1.45,+1.82%,80.10,78.13,82.38,"484,793","1,333.00",80.29,81.36
13-Jan-2023,79.86,+6.09,+8.26%,73.47,73.47,80.11,"1,578,855","102,664.00",80.01,80.12
06-Jan-2023,73.77,-6.49,-8.09%,80.57,72.46,81.50,"1,249,813","209,910.00",73.65,73.74
30-Dec-2022,80.26,+0.70,+0.88%,79.90,76.79,81.18,"813,085","245,852.00",80.40,80.57
23-Dec-2022,79.56,+5.27,+7.09%,74.50,73.81,80.33,"784,324","248,177.00",79.34,79.36
16-Dec-2022,74.29,+3.27,+4.60%,71.79,70.25,77.77,"1,292,767","46,393.00",73.81,74.85
09-Dec-2022,71.02,-8.96,-11.20%,79.99,70.08,82.72,"1,950,672","200,925.00",71.42,71.65
02-Dec-2022,79.98,+3.70,+4.85%,75.93,73.60,83.34,"1,676,103","258,794.00",80.25,80.35
25-Nov-2022,76.28,-3.80,-4.75%,80.30,75.08,82.36,"937,191","298,987.00",76.50,76.59
18-Nov-2022,80.08,-8.88,-9.98%,89.02,77.24,89.84,"1,107,886","15,738.00",76.30,80.30
11-Nov-2022,88.96,-3.65,-3.94%,91.00,84.70,93.74,"1,696,614","178,089.00",88.78,88.98
04-Nov-2022,92.61,+4.71,+5.36%,88.39,85.30,92.87,"1,434,500","283,037.00",92.57,92.61
28-Oct-2022,87.90,+2.85,+3.35%,85.24,82.63,89.79,"1,334,309","302,557.00",88.31,88.40
21-Oct-2022,85.05,-0.56,-0.65%,85.59,82.09,88.17,"631,615","312,600.00",85.06,85.19
14-Oct-2022,85.61,-7.03,-7.59%,93.48,85.20,93.64,"1,489,995","79,687.00",85.55,85.63
07-Oct-2022,92.64,+13.15,+16.54%,81.02,80.87,93.31,"1,583,965","187,667.00",93.20,93.31
30-Sep-2022,79.49,+0.75,+0.95%,79.23,76.25,82.94,"1,428,499","234,210.00",79.64,79.77
23-Sep-2022,78.74,-6.37,-7.48%,85.21,78.04,86.68,"1,063,299","271,362.00",79.30,79.45
16-Sep-2022,85.11,-1.68,-1.94%,86.25,84.27,90.19,"1,281,670","41,308.00",84.69,86.00
09-Sep-2022,86.79,-0.08,-0.09%,86.84,81.20,90.39,"1,448,987","152,567.00",86.02,86.18
02-Sep-2022,86.87,-6.19,-6.65%,92.96,85.98,97.66,"1,596,521","202,354.00",86.61,87.35
26-Aug-2022,93.06,+2.29,+2.52%,89.65,86.60,95.76,"1,199,138","223,816.00",92.90,93.06
19-Aug-2022,90.77,-1.32,-1.43%,91.94,85.73,92.10,"949,898","22,652.00",89.57,92.09
12-Aug-2022,92.09,+3.08,+3.46%,88.46,87.22,95.05,"1,677,155","144,879.00",91.79,91.96
05-Aug-2022,89.01,-9.61,-9.74%,98.46,87.01,98.65,"1,773,877","246,530.00",88.42,88.59
29-Jul-2022,98.62,+3.92,+4.14%,95.10,93.01,101.88,"1,578,721","282,371.00",98.22,98.37
22-Jul-2022,94.70,-2.89,-2.96%,97.27,94.23,104.46,"803,256","297,812.00",95.01,95.20
15-Jul-2022,97.59,-7.20,-6.87%,104.79,90.56,105.05,"1,722,605","65,121.00",97.23,97.65
08-Jul-2022,104.79,-3.64,-3.36%,108.80,95.10,111.45,"1,745,643","168,249.00",104.70,104.88
01-Jul-2022,108.43,+0.81,+0.75%,107.22,104.56,114.05,"1,579,950","200,486.00",108.33,108.54
24-Jun-2022,107.62,-1.94,-1.77%,110.58,101.53,112.47,"1,129,132","231,130.00",107.06,107.20
17-Jun-2022,109.56,-11.11,-9.21%,120.19,108.25,123.68,"1,306,165","23,244.00",108.01,111.97
10-Jun-2022,120.67,+1.80,+1.51%,120.82,117.14,123.18,"1,575,311","160,714.00",120.44,120.69
03-Jun-2022,118.87,+3.80,+3.30%,114.96,111.20,120.46,"1,299,757","276,211.00",120.22,120.35
27-May-2022,115.07,+1.84,+1.63%,110.56,108.61,115.30,"1,083,820","291,734.00",114.98,115.10
20-May-2022,113.23,+2.74,+2.48%,110.98,105.13,115.56,"733,936","1,731.00",105.00,116.00
13-May-2022,110.49,+0.72,+0.66%,110.43,98.20,110.64,"1,705,170","124,028.00",109.99,110.42
06-May-2022,109.77,+5.08,+4.85%,104.00,100.28,111.37,"1,355,247","214,692.00",110.01,110.79
29-Apr-2022,104.69,+2.62,+2.57%,101.38,95.28,107.99,"1,565,234","268,864.00",104.00,104.60
22-Apr-2022,102.07,-4.88,-4.56%,107.03,100.70,109.81,"683,734","295,195.00",101.05,101.83
15-Apr-2022,106.95,+8.69,+8.84%,98.40,92.93,107.64,"1,202,364","58,170.00",106.00,106.75
08-Apr-2022,98.26,-1.01,-1.02%,98.95,93.81,105.59,"1,611,850","185,129.00",97.70,98.25
01-Apr-2022,99.27,-14.63,-12.84%,112.92,97.78,112.93,"1,819,617","261,793.00",98.74,99.70
25-Mar-2022,113.90,+9.20,+8.79%,105.13,104.08,116.64,"1,016,877","282,016.00",112.31,112.92
18-Mar-2022,104.70,-4.63,-4.23%,109.42,93.53,109.72,"1,324,831","44,428.00",104.50,105.70
11-Mar-2022,109.33,-6.35,-5.49%,121.33,103.63,130.50,"2,560,019","167,353.00",108.50,109.60
04-Mar-2022,115.68,+24.09,+26.30%,94.99,94.43,116.57,"2,927,369","253,937.00",114.69,115.06
25-Feb-2022,91.59,+0.52,+0.57%,91.75,90.06,100.54,"1,877,356","333,039.00",91.85,92.02
18-Feb-2022,91.07,-2.03,-2.18%,93.91,89.03,95.82,"1,674,099","28,300.00",90.35,92.35
11-Feb-2022,93.10,+0.79,+0.86%,91.82,88.41,94.66,"2,457,272","223,594.00",93.72,94.18
04-Feb-2022,92.31,+5.49,+6.32%,87.45,86.34,93.17,"2,069,481","334,053.00",91.87,92.02
28-Jan-2022,86.82,+1.68,+1.97%,84.91,81.90,88.84,"2,342,532","417,134.00",87.26,87.34
21-Jan-2022,85.14,+1.32,+1.57%,84.32,82.78,87.91,"816,284","439,024.00",84.75,84.87
14-Jan-2022,83.82,+4.92,+6.24%,78.88,77.83,84.45,"2,021,601","106,926.00",84.26,84.36
07-Jan-2022,78.90,+3.69,+4.91%,75.69,74.27,80.47,"1,979,473","238,961.00",78.90,79.01
31-Dec-2021,75.21,+1.42,+1.92%,73.38,72.57,77.44,"1,270,056","278,572.00",75.37,75.47
24-Dec-2021,73.79,+2.93,+4.13%,70.07,66.04,73.95,"972,438","287,984.00",73.69,73.78
17-Dec-2021,70.86,-0.81,-1.13%,72.04,69.39,73.00,"1,281,061","22,402.00",70.07,71.20
10-Dec-2021,71.67,+5.41,+8.16%,67.02,66.72,73.34,"2,153,522","163,631.00",71.94,72.02
03-Dec-2021,66.26,-1.89,-2.77%,69.23,62.43,72.93,"3,118,279","301,105.00",66.22,66.32
26-Nov-2021,68.15,-7.95,-10.45%,75.75,67.40,79.23,"2,146,233","374,123.00",68.00,68.29
19-Nov-2021,76.10,-4.69,-5.81%,80.66,75.37,81.81,"958,307","4,086.00",76.76,79.95
12-Nov-2021,80.79,-0.48,-0.59%,81.13,79.78,84.97,"2,319,740","168,458.00",80.65,80.71
05-Nov-2021,81.27,-2.30,-2.75%,83.36,78.25,84.88,"2,620,667","297,245.00",81.15,81.21
29-Oct-2021,83.57,-0.19,-0.23%,83.98,80.58,85.41,"2,565,287","378,537.00",83.20,83.25
22-Oct-2021,83.76,+1.48,+1.80%,82.60,80.79,84.25,"1,275,283","434,946.00",83.97,84.01
15-Oct-2021,82.28,+2.93,+3.69%,79.59,79.42,82.66,"2,416,923","91,213.00",82.60,82.67
08-Oct-2021,79.35,+3.47,+4.57%,75.90,74.96,80.11,"2,573,696","315,706.00",79.58,79.63
01-Oct-2021,75.88,+1.90,+2.57%,74.19,73.14,76.67,"2,290,350","421,794.00",75.70,75.95
24-Sep-2021,73.98,+2.01,+2.79%,71.92,69.67,74.27,"1,248,295","461,566.00",73.94,73.99
17-Sep-2021,71.97,+2.25,+3.23%,69.74,69.51,73.14,"1,642,180","63,827.00",71.59,72.20
10-Sep-2021,69.72,+0.43,+0.62%,69.11,67.56,69.96,"1,838,559","241,588.00",69.68,69.72
03-Sep-2021,69.29,+0.55,+0.80%,69.30,67.12,70.61,"1,802,547","319,289.00",69.06,69.10
27-Aug-2021,68.74,+6.42,+10.30%,61.96,61.74,69.05,"1,757,262","352,147.00",68.65,68.68
20-Aug-2021,62.32,-6.12,-8.94%,67.71,62.11,68.27,"804,209","3,652.00",62.50,65.55
13-Aug-2021,68.44,+0.16,+0.23%,67.88,65.15,69.62,"2,188,297","160,215.00",68.00,68.05
06-Aug-2021,68.28,-5.67,-7.67%,73.91,67.61,73.95,"2,494,529","342,438.00",67.83,67.88
30-Jul-2021,73.95,+1.88,+2.61%,72.18,70.56,74.23,"1,645,939","458,700.00",73.76,73.82
23-Jul-2021,72.07,+0.26,+0.36%,71.49,65.21,72.21,"1,325,294","475,745.00",72.17,72.20
16-Jul-2021,71.81,-2.75,-3.69%,74.74,70.41,75.52,"1,872,974","64,944.00",71.25,71.81
09-Jul-2021,74.56,-0.60,-0.80%,75.35,70.76,76.98,"2,273,859","263,878.00",74.60,74.68
02-Jul-2021,75.16,+1.11,+1.50%,73.99,71.97,76.22,"2,052,984","388,168.00",75.05,75.30
25-Jun-2021,74.05,+2.41,+3.36%,71.52,71.15,74.25,"1,281,425","416,743.00",73.97,74.03
18-Jun-2021,71.64,+0.73,+1.03%,70.65,69.77,72.99,"1,595,813","59,274.00",71.30,72.09
11-Jun-2021,70.91,+1.29,+1.85%,69.52,68.47,71.24,"2,273,782","249,601.00",70.76,70.86
04-Jun-2021,69.62,+3.30,+4.98%,66.68,66.41,69.76,"1,581,597","440,521.00",69.37,69.43
28-May-2021,66.32,+2.74,+4.31%,63.87,63.63,67.52,"2,068,251","479,286.00",66.61,66.69
21-May-2021,63.58,-1.79,-2.74%,65.50,61.56,67.01,"1,098,176","485,315.00",63.86,63.90
14-May-2021,65.37,+0.47,+0.72%,65.57,63.09,66.63,"2,403,245","151,904.00",65.48,65.55
07-May-2021,64.90,+1.32,+2.08%,63.64,62.91,66.76,"1,936,874","317,262.00",64.81,64.85
30-Apr-2021,63.58,+1.44,+2.32%,62.06,60.66,65.47,"1,901,088","406,581.00",63.46,63.49
23-Apr-2021,62.14,-0.99,-1.57%,62.98,60.61,64.25,"1,229,012","440,919.00",62.03,62.08
16-Apr-2021,63.13,+3.81,+6.42%,59.35,58.73,63.88,"1,510,929","54,874.00",62.98,63.09
09-Apr-2021,59.32,-2.13,-3.47%,61.50,57.63,61.50,"2,143,098","246,588.00",59.32,59.35
02-Apr-2021,61.45,+0.48,+0.79%,60.93,58.85,62.27,"1,857,277","359,445.00",61.17,61.49
26-Mar-2021,60.97,-0.45,-0.73%,61.55,57.25,61.90,"2,358,972","388,073.00",60.70,60.77
19-Mar-2021,61.42,-4.19,-6.39%,65.56,58.20,66.40,"1,178,038","21,784.00",58.55,63.95
12-Mar-2021,65.61,-0.48,-0.73%,66.68,63.13,67.98,"2,349,205","168,790.00",65.55,65.59
05-Mar-2021,66.09,+4.59,+7.46%,61.95,59.24,66.42,"2,653,919","315,138.00",66.24,66.32
26-Feb-2021,61.50,+2.26,+3.81%,58.88,58.82,63.81,"2,080,733","424,066.00",61.58,61.68
19-Feb-2021,59.24,-0.23,-0.39%,59.98,58.59,62.26,"1,172,213","27,854.00",58.55,60.53
12-Feb-2021,59.47,+2.62,+4.61%,57.06,57.00,59.82,"2,233,224","177,448.00",59.68,59.73
05-Feb-2021,56.85,+4.65,+8.91%,51.99,51.64,57.29,"2,110,715","365,668.00",57.06,57.09
29-Jan-2021,52.20,-0.07,-0.13%,52.17,51.82,53.58,"1,928,310","433,690.00",52.12,52.16
22-Jan-2021,52.27,-0.09,-0.17%,52.00,51.44,53.79,"953,685","454,055.00",51.98,52.00
15-Jan-2021,52.36,+0.12,+0.23%,52.58,51.50,53.93,"1,780,675","69,513.00",52.04,52.09
08-Jan-2021,52.24,+3.72,+7.67%,48.40,47.18,52.75,"2,549,789","278,072.00",52.67,52.77
01-Jan-2021,48.52,+0.29,+0.60%,48.23,47.50,48.96,"901,091","367,996.00",48.40,48.43
25-Dec-2020,48.23,-0.87,-1.77%,48.54,46.16,48.62,"835,388","372,121.00",48.24,48.35
18-Dec-2020,49.10,+2.53,+5.43%,46.73,45.69,49.28,"1,170,290","19,945.00",48.81,48.50
11-Dec-2020,46.57,+0.31,+0.67%,46.15,44.95,47.74,"1,931,322","212,885.00",46.40,46.64
04-Dec-2020,46.26,+0.73,+1.60%,45.34,43.92,46.68,"1,740,749","358,034.00",46.03,46.15
27-Nov-2020,45.53,+3.38,+8.02%,42.46,42.29,46.26,"1,501,554","406,432.00",45.47,45.57
20-Nov-2020,42.15,+2.02,+5.03%,40.17,40.15,42.46,"847,403","3,302.00",41.70,42.00
13-Nov-2020,40.13,+2.99,+8.05%,37.34,37.16,43.06,"2,262,956","191,210.00",40.11,40.14
06-Nov-2020,37.14,+1.35,+3.77%,35.24,33.64,39.35,"2,046,207","288,041.00",37.36,37.50
30-Oct-2020,35.79,-4.06,-10.19%,39.69,34.92,39.83,"2,147,460","378,990.00",35.61,35.74
23-Oct-2020,39.85,-1.03,-2.52%,40.69,39.57,41.70,"1,043,177","406,342.00",39.63,39.86
16-Oct-2020,40.88,+0.28,+0.69%,40.40,39.04,41.29,"1,370,539","55,666.00",40.34,41.00
09-Oct-2020,40.60,+3.55,+9.58%,37.00,37.00,41.47,"1,953,665","198,765.00",40.45,40.65
02-Oct-2020,37.05,-3.20,-7.95%,40.07,36.63,40.80,"1,781,188","335,875.00",36.89,37.12
25-Sep-2020,40.25,-0.86,-2.09%,40.98,38.66,41.27,"907,183","355,229.00",40.00,40.08
18-Sep-2020,41.11,+3.78,+10.13%,37.32,36.82,41.49,"1,418,460","53,422.00",40.80,41.48
11-Sep-2020,37.33,-2.44,-6.14%,39.48,36.13,39.59,"1,907,673","204,256.00",37.25,37.54
04-Sep-2020,39.77,-3.20,-7.45%,42.91,39.35,43.57,"1,805,612","309,287.00",39.40,39.55
28-Aug-2020,42.97,+0.63,+1.49%,42.48,42.23,43.78,"1,481,542","362,305.00",42.90,43.02
21-Aug-2020,42.34,+0.33,+0.79%,42.24,41.46,43.03,"774,152","376,131.00",42.22,42.34
14-Aug-2020,42.01,+0.79,+1.92%,41.50,41.17,42.94,"1,838,843","120,294.00",42.00,42.29
07-Aug-2020,41.22,+0.95,+2.36%,40.39,39.58,43.52,"2,039,776","339,035.00",41.28,41.66
31-Jul-2020,40.27,-1.02,-2.47%,41.26,38.72,41.93,"1,756,486","412,279.00",40.34,40.48
24-Jul-2020,41.29,+0.70,+1.72%,40.64,39.83,42.40,"1,162,021","453,198.00",41.26,41.37
17-Jul-2020,40.59,+0.04,+0.10%,40.35,39.07,41.26,"1,438,549","48,675.00",40.18,40.95
10-Jul-2020,40.55,-0.10,-0.25%,40.31,38.54,41.08,"1,677,107","169,194.00",40.28,40.64
03-Jul-2020,40.65,+2.16,+5.61%,37.96,37.50,40.74,"1,468,238","256,512.00",40.27,40.34
26-Jun-2020,38.49,-1.26,-3.17%,39.18,37.08,41.63,"1,706,463","296,643.00",38.07,38.23
19-Jun-2020,39.75,+3.49,+9.62%,36.03,34.36,40.49,"1,170,882","19,690.00",38.00,41.00
12-Jun-2020,36.26,-3.29,-8.32%,39.41,34.48,40.44,"2,118,960","151,371.00",36.47,36.60
05-Jun-2020,39.55,+4.06,+11.44%,35.21,34.27,39.68,"1,927,914","226,110.00",38.80,39.40
29-May-2020,35.49,+2.24,+6.74%,33.30,31.14,35.77,"1,765,798","254,909.00",35.20,35.49
22-May-2020,33.25,+3.82,+12.98%,29.53,29.53,34.66,"1,333,727","277,396.00",33.19,33.60
15-May-2020,29.43,+4.69,+18.96%,24.49,23.67,29.92,"811,313","54,931.00",29.53,30.28
08-May-2020,24.74,+4.96,+25.08%,19.11,18.05,26.74,"1,595,335","206,986.00",24.45,24.90
01-May-2020,19.78,+2.84,+16.77%,16.84,10.07,20.48,"3,022,967","260,982.00",19.67,19.85
24-Apr-2020,16.94,-1.33,-7.28%,17.73,-40.32,18.26,"2,935,412","327,469.00",17.02,17.50
17-Apr-2020,18.27,-4.49,-19.73%,24.60,17.31,24.74,"2,696,965","108,593.00",17.61,18.25
10-Apr-2020,22.76,-5.58,-19.69%,26.09,22.57,28.36,"3,496,120","374,727.00",23.11,23.45
03-Apr-2020,28.34,+6.83,+31.75%,20.93,19.27,29.13,"4,225,628","595,835.00",28.85,29.15
27-Mar-2020,21.51,-0.92,-4.10%,22.52,20.80,25.24,"3,368,374","579,954.00",21.70,21.92
20-Mar-2020,22.43,-9.30,-29.31%,33.75,19.46,33.75,"1,720,611","3,366.00",20.30,27.03
13-Mar-2020,31.73,-9.55,-23.13%,32.87,27.34,36.35,"5,481,826","172,993.00",32.27,33.50
06-Mar-2020,41.28,-3.48,-7.77%,43.70,41.05,48.66,"4,688,031","358,981.00",41.37,41.65
28-Feb-2020,44.76,-8.62,-16.15%,52.60,43.85,52.64,"4,528,560","430,959.00",45.21,45.39
21-Feb-2020,53.38,+1.33,+2.56%,52.23,50.88,54.50,"1,073,679","407,589.00",53.31,53.54
14-Feb-2020,52.05,+1.73,+3.44%,50.12,49.42,52.34,"3,589,626","85,385.00",52.09,52.30
07-Feb-2020,50.32,-1.24,-2.40%,51.01,49.31,52.20,"4,142,351","379,169.00",50.26,50.42
31-Jan-2020,51.56,-2.63,-4.85%,53.70,50.97,54.37,"3,519,852","474,837.00",51.55,51.65
24-Jan-2020,54.19,-4.35,-7.43%,59.17,53.85,59.73,"1,960,492","487,487.00",54.05,54.34
17-Jan-2020,58.54,-0.50,-0.85%,59.04,57.36,59.27,"1,830,317","31,495.00",58.48,58.91
10-Jan-2020,59.04,-4.01,-6.36%,63.71,58.66,65.65,"3,859,714","235,115.00",59.04,59.28
03-Jan-2020,63.05,+1.33,+2.15%,61.71,60.63,64.09,"2,294,418","388,479.00",62.97,63.09
27-Dec-2019,61.72,+1.28,+2.12%,60.41,60.10,61.97,"1,136,236","417,221.00",61.71,61.73
20-Dec-2019,60.44,+0.37,+0.62%,59.87,59.71,61.47,"1,230,187","437,272.00",60.25,60.39
13-Dec-2019,60.07,+0.87,+1.47%,59.11,58.11,60.48,"2,711,172","153,718.00",59.75,59.86
06-Dec-2019,59.20,+4.03,+7.30%,55.47,55.35,59.85,"3,266,588","377,010.00",59.04,59.25
29-Nov-2019,55.17,-2.60,-4.50%,57.92,55.02,58.68,"2,037,438","460,065.00",55.40,55.46
22-Nov-2019,57.77,+0.05,+0.09%,57.88,54.76,58.74,"1,414,237","472,791.00",57.87,58.02
15-Nov-2019,57.72,+0.48,+0.84%,57.40,56.20,57.97,"2,526,009","99,745.00",57.88,57.94
08-Nov-2019,57.24,+1.04,+1.85%,56.41,55.76,57.88,"2,954,033","317,237.00",57.42,57.50
01-Nov-2019,56.20,-0.46,-0.81%,56.65,53.71,56.92,"2,833,341","404,503.00",56.06,56.25
25-Oct-2019,56.66,+2.88,+5.36%,53.71,52.71,56.74,"1,675,881","441,829.00",56.56,56.73
18-Oct-2019,53.78,-0.92,-1.68%,54.90,52.39,54.90,"2,023,434","54,642.00",53.35,53.76
11-Oct-2019,54.70,+1.89,+3.58%,52.69,51.38,54.93,"3,195,657","182,895.00",54.87,54.94
04-Oct-2019,52.81,-3.10,-5.54%,56.54,50.99,56.57,"2,895,574","388,735.00",52.60,53.01
27-Sep-2019,55.91,-2.18,-3.75%,59.25,54.75,59.39,"2,994,483","380,790.00",56.02,56.20
20-Sep-2019,58.09,+3.24,+5.91%,61.48,57.67,63.38,"2,765,420","2,051.00",57.60,58.90
13-Sep-2019,54.85,-1.67,-2.95%,56.80,54.00,58.76,"3,706,684","159,934.00",54.81,54.90
06-Sep-2019,56.52,+1.42,+2.58%,55.00,52.84,57.76,"3,079,862","319,489.00",56.61,56.82
30-Aug-2019,55.10,+0.93,+1.72%,53.25,52.96,56.89,"3,288,722","370,192.00",55.02,55.17
23-Aug-2019,54.17,-0.70,-1.28%,54.96,53.24,57.13,"2,293,780","361,189.00",53.76,54.00
16-Aug-2019,54.87,+0.37,+0.68%,54.32,53.54,57.47,"2,809,017","82,935.00",54.67,55.05
09-Aug-2019,54.50,-1.16,-2.08%,55.38,50.52,55.61,"4,021,000","266,871.00",54.21,54.42
02-Aug-2019,55.66,-0.54,-0.96%,56.20,53.59,58.82,"3,317,702","399,849.00",55.15,55.39
26-Jul-2019,56.20,+0.57,+1.02%,56.22,55.33,57.64,"2,327,493","410,680.00",56.10,56.22
19-Jul-2019,55.63,-4.58,-7.61%,60.25,54.72,60.92,"2,104,368","19,557.00",54.95,56.64
12-Jul-2019,60.21,+2.70,+4.69%,57.77,57.29,60.94,"2,825,437","179,768.00",60.35,60.40
05-Jul-2019,57.51,-0.96,-1.64%,59.27,56.04,60.28,"2,851,971","289,164.00",57.67,57.85
28-Jun-2019,58.47,+1.04,+1.81%,57.72,56.75,59.93,"3,044,627","328,837.00",58.01,58.25
21-Jun-2019,57.43,+4.92,+9.37%,52.50,51.50,57.98,"1,406,273","345,680.00",57.56,57.70
14-Jun-2019,52.51,-1.48,-2.74%,54.24,50.72,54.84,"3,635,444","128,496.00",52.43,52.54
07-Jun-2019,53.99,+0.49,+0.92%,53.42,50.60,54.63,"4,377,319","308,942.00",54.01,54.11
31-May-2019,53.50,-5.13,-8.75%,58.94,53.05,59.70,"4,019,051","368,466.00",53.28,53.40
24-May-2019,58.63,-4.13,-6.58%,62.93,57.33,63.81,"2,793,673","427,918.00",58.95,59.13
17-May-2019,62.76,+1.10,+1.78%,61.65,60.64,63.64,"3,239,256","66,762.00",62.58,62.79
10-May-2019,61.66,-0.28,-0.45%,61.43,60.04,62.95,"3,959,466","261,381.00",61.67,61.79
03-May-2019,61.94,-1.36,-2.15%,62.95,60.95,64.75,"3,642,969","394,652.00",61.82,61.99
26-Apr-2019,63.30,-0.70,-1.09%,64.00,62.28,66.60,"3,012,960","456,552.00",62.76,62.86
19-Apr-2019,64.00,+0.11,+0.17%,63.76,62.99,64.61,"1,486,941","22,036.00",63.41,64.51
12-Apr-2019,63.89,+0.81,+1.28%,63.33,63.13,64.79,"3,794,752","196,720.00",63.74,63.84
05-Apr-2019,63.08,+2.94,+4.89%,60.24,60.13,63.34,"3,635,542","346,628.00",63.25,63.29
29-Mar-2019,60.14,+1.10,+1.86%,58.98,58.17,60.73,"3,541,305","403,676.00",60.13,60.25
22-Mar-2019,59.04,+0.52,+0.89%,58.45,58.05,60.39,"1,697,409","426,723.00",58.83,58.99
15-Mar-2019,58.52,+2.45,+4.37%,56.07,55.96,58.95,"2,935,567","98,719.00",58.34,58.45
08-Mar-2019,56.07,+0.27,+0.48%,55.83,54.52,57.19,"3,101,654","252,613.00",55.93,56.10
01-Mar-2019,55.80,-1.46,-2.55%,57.17,55.02,57.88,"3,020,022","368,105.00",55.70,55.80
22-Feb-2019,57.26,+1.67,+3.00%,55.78,55.29,57.81,"1,251,051","399,406.00",57.01,57.14
15-Feb-2019,55.59,+2.87,+5.44%,52.66,51.23,55.87,"3,065,559","74,706.00",55.77,55.88
08-Feb-2019,52.72,-2.54,-4.60%,55.32,51.80,55.75,"3,208,961","318,986.00",52.63,52.76
01-Feb-2019,55.26,+1.57,+2.92%,53.56,51.33,55.66,"3,450,722","457,940.00",55.30,55.48
25-Jan-2019,53.69,-0.11,-0.20%,53.73,51.80,54.24,"2,056,693","471,888.00",53.52,53.60
18-Jan-2019,53.80,+2.21,+4.28%,51.73,50.38,53.92,"2,631,551","25,682.00",53.50,53.97
11-Jan-2019,51.59,+3.63,+7.57%,48.30,48.11,53.31,"4,111,963","216,583.00",51.58,51.85
04-Jan-2019,47.96,+2.63,+5.80%,45.22,44.35,49.22,"2,933,445","367,400.00",48.28,48.43
28-Dec-2018,45.33,-0.26,-0.57%,45.45,42.36,47.00,"2,344,242","387,024.00",45.06,45.23
21-Dec-2018,45.59,-5.61,-10.96%,51.25,45.13,51.87,"1,856,651","391,671.00",45.32,45.48
14-Dec-2018,51.20,-1.41,-2.68%,52.03,50.35,53.27,"3,389,763","90,329.00",51.07,51.24
07-Dec-2018,52.61,+1.68,+3.30%,52.45,50.08,54.55,"4,096,037","324,223.00",52.11,52.21
30-Nov-2018,50.93,+0.51,+1.01%,50.62,49.41,52.56,"3,868,241","414,833.00",50.57,50.80
23-Nov-2018,50.42,-6.04,-10.70%,56.72,50.15,57.44,"2,765,639","447,493.00",50.35,50.47
16-Nov-2018,56.46,-3.73,-6.20%,60.70,54.75,61.28,"3,162,058","25,941.00",55.61,56.97
09-Nov-2018,60.19,-2.95,-4.67%,62.99,59.26,64.14,"3,823,272","279,121.00",59.76,60.00
02-Nov-2018,63.14,-4.45,-6.58%,67.55,62.63,67.95,"3,323,607","431,783.00",62.81,62.93
26-Oct-2018,67.59,-1.53,-2.21%,69.41,65.74,69.66,"2,824,950","459,476.00",67.57,67.70
19-Oct-2018,69.12,-2.22,-3.11%,71.85,68.47,72.70,"2,078,845","24,949.00",68.56,69.70
12-Oct-2018,71.34,-3.00,-4.04%,74.40,70.51,75.28,"3,241,842","187,390.00",71.45,71.55
05-Oct-2018,74.34,+1.09,+1.49%,73.29,72.95,76.90,"3,065,050","327,679.00",74.25,74.30
28-Sep-2018,73.25,+2.47,+3.49%,71.14,71.14,73.73,"2,591,233","408,198.00",73.50,73.60
21-Sep-2018,70.78,+1.79,+2.59%,68.93,68.53,71.81,"1,666,047","422,544.00",70.70,70.83
14-Sep-2018,68.99,+1.24,+1.83%,67.82,67.33,71.26,"3,344,598","143,296.00",68.90,69.05
07-Sep-2018,67.75,-2.05,-2.94%,69.89,66.86,71.40,"2,492,804","360,833.00",67.78,67.90
31-Aug-2018,69.80,+1.08,+1.57%,68.57,68.21,70.50,"2,121,863","412,237.00",69.87,69.95
24-Aug-2018,68.72,+2.81,+4.26%,65.91,65.59,69.31,"1,690,248","412,703.00",68.51,68.54
17-Aug-2018,65.91,-1.72,-2.54%,67.78,64.43,68.37,"2,244,959","57,511.00",65.57,65.99
10-Aug-2018,67.63,-0.86,-1.26%,68.65,66.14,69.92,"2,774,836","200,495.00",67.71,67.83
03-Aug-2018,68.49,-0.20,-0.29%,69.01,66.92,70.43,"2,566,328","388,488.00",68.62,68.69
27-Jul-2018,68.69,-1.77,-2.51%,68.17,67.56,69.92,"2,652,928","431,821.00",68.98,69.10
20-Jul-2018,70.46,-0.55,-0.77%,70.52,67.03,71.10,"1,287,296","2,172.00",69.31,70.30
13-Jul-2018,71.01,-2.79,-3.78%,73.87,69.23,74.70,"3,219,722","172,793.00",70.50,70.73
06-Jul-2018,73.80,-0.35,-0.47%,73.62,72.14,75.27,"2,772,453","371,200.00",73.84,73.97
29-Jun-2018,74.15,+5.57,+8.12%,68.75,67.72,74.46,"3,759,645","394,727.00",74.29,74.34
22-Jun-2018,68.58,+3.52,+5.41%,64.40,63.59,69.38,"2,269,177","430,762.00",69.23,69.38
15-Jun-2018,65.06,-0.68,-1.03%,65.56,64.29,67.16,"2,681,849","105,997.00",64.25,64.47
08-Jun-2018,65.74,-0.07,-0.11%,65.71,64.22,66.24,"3,365,818","324,550.00",65.50,65.59
01-Jun-2018,65.81,-2.07,-3.05%,67.55,65.51,68.67,"3,485,302","470,649.00",65.68,65.78
25-May-2018,67.88,-3.40,-4.77%,71.47,67.42,72.83,"2,450,731","516,813.00",67.41,67.52
18-May-2018,71.28,+0.58,+0.82%,70.54,70.26,72.30,"2,756,818","64,453.00",71.37,71.65
11-May-2018,70.70,+0.98,+1.41%,69.85,67.63,71.89,"4,259,821","291,830.00",70.45,70.54
04-May-2018,69.72,+1.62,+2.38%,68.15,66.85,69.97,"3,621,419","506,546.00",69.75,69.85
27-Apr-2018,68.10,-0.28,-0.41%,68.22,67.11,69.38,"3,540,384","536,864.00",67.95,68.01
20-Apr-2018,68.38,+0.99,+1.47%,67.24,65.56,69.56,"1,426,757","3,721.00",68.06,69.27
13-Apr-2018,67.39,+5.33,+8.59%,62.00,61.93,67.76,"3,770,799","194,380.00",67.37,67.43
06-Apr-2018,62.06,-2.88,-4.43%,64.91,61.81,65.42,"3,212,486","377,656.00",61.90,61.95
30-Mar-2018,64.94,-0.94,-1.43%,65.90,63.72,66.55,"2,517,207","491,296.00",64.89,64.98
23-Mar-2018,65.88,+3.54,+5.68%,62.23,61.36,66.00,"2,357,956","517,104.00",65.73,65.80
16-Mar-2018,62.34,+0.30,+0.48%,62.10,60.11,62.54,"2,583,439","66,785.00",62.17,62.36
09-Mar-2018,62.04,+0.79,+1.29%,61.55,59.95,63.28,"3,493,570","283,297.00",62.09,62.16
02-Mar-2018,61.25,-2.30,-3.62%,63.60,60.13,64.24,"3,226,951","461,949.00",61.44,61.60
23-Feb-2018,63.55,+1.87,+3.03%,61.63,60.75,63.73,"1,570,332","494,261.00",63.56,63.64
16-Feb-2018,61.68,+2.48,+4.19%,59.12,58.20,61.99,"2,489,421","30,766.00",61.50,61.67
09-Feb-2018,59.20,-6.25,-9.55%,65.10,58.07,65.40,"4,581,170","267,646.00",59.00,59.20
02-Feb-2018,65.45,-0.69,-1.04%,66.18,63.67,66.46,"3,501,128","540,626.00",65.00,65.15
26-Jan-2018,66.14,+2.77,+4.37%,63.61,63.17,66.66,"3,039,479","613,470.00",66.22,66.26
19-Jan-2018,63.37,-0.93,-1.45%,64.43,62.85,64.89,"1,659,370","33,579.00",63.21,63.84
12-Jan-2018,64.30,+2.86,+4.65%,61.61,61.34,64.77,"3,714,407","243,872.00",64.34,64.42
05-Jan-2018,61.44,+1.02,+1.69%,60.20,60.10,62.21,"2,401,571","441,715.00",61.50,61.60
29-Dec-2017,60.42,+1.95,+3.34%,58.40,58.32,60.51,"1,650,621","466,495.00",60.10,60.21
22-Dec-2017,58.47,+1.17,+2.04%,57.37,56.82,58.50,"1,324,155","481,977.00",58.28,58.44
15-Dec-2017,57.30,-0.06,-0.10%,57.25,56.09,58.56,"2,881,980","81,291.00",57.30,57.40
08-Dec-2017,57.36,-1.00,-1.71%,58.32,55.82,58.34,"2,947,126","357,318.00",57.28,57.36
01-Dec-2017,58.36,-0.59,-1.00%,58.95,56.75,58.99,"3,398,511","534,868.00",58.27,58.36
24-Nov-2017,58.95,+2.40,+4.24%,56.69,55.57,59.05,"2,072,005","576,294.00",58.96,59.04
17-Nov-2017,56.55,-0.19,-0.33%,56.90,54.81,57.15,"2,239,209","29,051.00",56.41,56.70
10-Nov-2017,56.74,+1.10,+1.98%,55.97,55.66,57.92,"3,739,292","364,546.00",56.87,56.93
03-Nov-2017,55.64,+1.74,+3.23%,54.16,53.75,55.76,"2,830,381","540,082.00",55.63,55.71
27-Oct-2017,53.90,+2.43,+4.72%,52.07,51.55,54.20,"3,300,417","591,778.00",54.12,54.20
20-Oct-2017,51.47,+0.02,+0.04%,51.43,50.70,52.37,"1,305,330","3,655.00",51.28,52.17
13-Oct-2017,51.45,+2.16,+4.38%,49.25,49.13,51.72,"3,218,636","222,493.00",51.42,51.45
06-Oct-2017,49.29,-2.38,-4.61%,51.64,49.10,51.71,"3,060,003","453,631.00",49.18,49.28
29-Sep-2017,51.67,+1.01,+1.99%,50.68,50.39,52.86,"3,401,592","522,982.00",51.56,51.66
22-Sep-2017,50.66,+0.77,+1.54%,49.85,49.19,50.81,"1,422,837","580,896.00",50.62,50.70
15-Sep-2017,49.89,+2.41,+5.08%,47.58,47.00,50.50,"3,300,065","117,164.00",49.79,49.85
08-Sep-2017,47.48,+0.19,+0.40%,47.28,47.15,49.42,"3,369,862","384,975.00",47.42,47.56
01-Sep-2017,47.29,-0.58,-1.21%,47.89,45.58,48.20,"4,358,427","519,924.00",47.29,47.37
25-Aug-2017,47.87,-0.64,-1.32%,48.72,47.03,48.75,"2,347,157","516,590.00",47.80,47.86
18-Aug-2017,48.51,-0.31,-0.63%,48.79,46.46,49.16,"3,210,526","62,446.00",48.51,48.75
11-Aug-2017,48.82,-0.76,-1.53%,49.59,47.98,50.22,"4,553,541","288,171.00",48.76,48.85
04-Aug-2017,49.58,-0.13,-0.26%,49.85,48.37,50.43,"4,221,271","538,718.00",49.50,49.55
28-Jul-2017,49.71,+3.94,+8.61%,45.62,45.40,49.81,"4,133,456","596,827.00",49.72,49.81
21-Jul-2017,45.77,-0.77,-1.65%,46.68,45.54,47.55,"1,702,410","621,054.00",45.57,45.60
14-Jul-2017,46.54,+2.31,+5.22%,44.35,43.65,46.74,"4,314,632","168,481.00",46.57,46.70
07-Jul-2017,44.23,-1.81,-3.93%,46.28,43.78,47.32,"3,636,792","423,083.00",44.30,44.37
30-Jun-2017,46.04,+3.03,+7.04%,43.16,42.63,46.35,"3,620,198","517,659.00",46.32,46.37
23-Jun-2017,43.01,-1.73,-3.87%,44.68,42.05,45.06,"2,584,999","540,999.00",43.06,43.18
16-Jun-2017,44.74,-1.09,-2.38%,45.80,44.22,46.71,"3,067,255","69,781.00",44.63,44.76
09-Jun-2017,45.83,-1.83,-3.84%,47.71,45.20,48.42,"4,381,210","338,685.00",45.88,46.00
02-Jun-2017,47.66,-2.14,-4.30%,49.93,46.74,50.28,"3,019,770","545,587.00",47.67,47.87
26-May-2017,49.80,-0.53,-1.05%,50.60,48.18,52.00,"3,261,795","576,777.00",49.80,49.89
19-May-2017,50.33,+2.49,+5.20%,47.85,47.75,50.53,"2,315,678","22,887.00",50.37,50.62
12-May-2017,47.84,+1.62,+3.50%,46.35,45.53,48.22,"3,506,068","320,540.00",47.81,47.90
05-May-2017,46.22,-3.11,-6.30%,49.17,43.76,49.32,"3,723,649","541,514.00",46.42,46.51
28-Apr-2017,49.33,-0.29,-0.58%,49.68,48.20,50.22,"3,166,035","572,455.00",49.14,49.25
21-Apr-2017,49.62,-3.56,-6.69%,52.97,49.20,53.21,"1,382,778","620,044.00",49.61,49.65
14-Apr-2017,53.18,+0.94,+1.80%,52.31,52.29,53.76,"2,274,082","167,578.00",52.91,52.95
07-Apr-2017,52.24,+1.64,+3.24%,50.69,49.88,52.94,"2,893,632","415,815.00",52.27,52.39
31-Mar-2017,50.60,+2.63,+5.48%,48.12,47.08,50.85,"2,625,443","582,782.00",50.73,50.85
24-Mar-2017,47.97,-0.81,-1.66%,48.70,47.01,48.74,"1,772,096","619,275.00",48.10,48.16
17-Mar-2017,48.78,+0.29,+0.60%,48.45,47.09,49.62,"2,804,054","72,658.00",48.60,48.76
10-Mar-2017,48.49,-4.84,-9.08%,53.19,48.31,53.80,"3,832,227","288,689.00",48.35,48.41
03-Mar-2017,53.33,-0.66,-1.22%,54.02,52.54,54.61,"2,554,328","449,836.00",53.18,53.22
24-Feb-2017,53.99,+0.59,+1.10%,53.48,53.35,54.94,"1,468,670","467,131.00",53.97,54.04
17-Feb-2017,53.40,-0.46,-0.85%,53.80,52.68,53.95,"2,081,409","28,831.00",53.27,53.48
10-Feb-2017,53.86,+0.03,+0.06%,53.81,51.22,54.13,"3,023,166","278,708.00",53.80,53.88
03-Feb-2017,53.83,+0.66,+1.24%,53.15,52.24,54.34,"2,605,397","526,144.00",53.79,53.88
27-Jan-2017,53.17,+0.75,+1.43%,53.33,52.21,54.08,"2,638,948","582,198.00",53.09,53.24
20-Jan-2017,52.42,+0.05,+0.10%,52.55,50.91,53.52,"964,854","21,626.00",50.95,54.00
13-Jan-2017,52.37,-1.62,-3.00%,53.75,50.71,53.83,"3,152,001","188,773.00",52.41,52.65
06-Jan-2017,53.99,+0.27,+0.50%,54.20,52.11,55.24,"2,286,129","417,847.00",53.65,53.72
30-Dec-2016,53.72,+0.70,+1.32%,53.29,53.03,54.37,"1,231,129","456,845.00",53.81,53.96
23-Dec-2016,53.02,+1.12,+2.16%,52.15,51.51,53.79,"1,306,808","458,071.00",53.21,53.27
16-Dec-2016,51.90,+0.40,+0.78%,52.58,49.95,54.51,"2,967,704","70,019.00",51.96,52.10
09-Dec-2016,51.50,-0.18,-0.35%,51.46,49.61,52.42,"3,492,509","310,792.00",51.45,51.51
02-Dec-2016,51.68,+5.62,+12.20%,45.43,44.82,51.80,"4,420,103","574,894.00",51.64,51.70
25-Nov-2016,46.06,+0.37,+0.81%,45.83,45.77,49.20,"1,883,961","633,895.00",45.91,46.01
18-Nov-2016,45.69,+2.28,+5.25%,43.20,42.20,46.58,"2,509,637","26,560.00",45.31,45.69
11-Nov-2016,43.41,-0.66,-1.50%,44.45,43.03,45.95,"3,539,357","304,212.00",43.10,43.23
04-Nov-2016,44.07,-4.63,-9.51%,48.25,43.57,48.74,"3,435,672","497,832.00",44.10,44.17
28-Oct-2016,48.70,-2.15,-4.23%,50.85,48.42,50.98,"2,949,750","483,961.00",48.62,48.71
21-Oct-2016,50.85,+0.50,+0.99%,50.23,49.47,51.93,"1,320,111","497,645.00",50.90,51.01
14-Oct-2016,50.35,+0.54,+1.08%,49.57,49.15,51.60,"3,245,669","141,111.00",50.28,50.37
07-Oct-2016,49.81,+1.57,+3.25%,48.04,47.78,50.74,"2,658,525","401,752.00",49.51,49.73
30-Sep-2016,48.24,+3.76,+8.45%,44.62,44.19,48.32,"3,365,474","524,230.00",48.04,48.06
23-Sep-2016,44.48,+1.45,+3.37%,43.18,42.55,46.55,"1,993,303","531,477.00",44.54,44.69
16-Sep-2016,43.03,-2.85,-6.21%,45.57,42.74,46.51,"2,877,028","71,403.00",43.02,43.26
09-Sep-2016,45.88,+1.44,+3.24%,44.15,43.84,47.75,"2,955,163","287,665.00",45.70,45.73
02-Sep-2016,44.44,-3.20,-6.72%,47.22,43.00,47.49,"2,504,628","443,876.00",44.16,44.33
26-Aug-2016,47.64,-0.88,-1.81%,48.40,46.42,48.46,"2,281,084","433,916.00",47.28,47.31
19-Aug-2016,48.52,+4.03,+9.06%,44.74,44.38,48.75,"2,028,035","25,836.00",48.22,48.75
12-Aug-2016,44.49,+2.69,+6.44%,41.99,41.10,44.78,"3,081,697","243,440.00",44.67,44.79
05-Aug-2016,41.80,+0.20,+0.48%,41.35,39.19,42.10,"2,871,743","488,998.00",41.93,42.03
29-Jul-2016,41.60,-2.59,-5.86%,44.20,40.57,44.37,"2,315,227","536,032.00",41.36,41.40
22-Jul-2016,44.19,-1.76,-3.83%,46.12,43.69,46.14,"1,230,289","529,218.00",44.24,44.29
15-Jul-2016,45.95,+0.54,+1.19%,45.07,44.42,46.93,"2,882,176","83,422.00",46.20,46.31
08-Jul-2016,45.41,-3.58,-7.31%,49.11,44.77,49.35,"2,510,828","333,076.00",45.10,45.23
01-Jul-2016,48.99,+1.35,+2.83%,47.81,45.83,50.00,"2,428,863","418,068.00",49.23,49.29
24-Jun-2016,47.64,-0.34,-0.71%,48.29,46.70,50.54,"1,749,668","443,760.00",47.51,47.70
17-Jun-2016,47.98,-1.09,-2.22%,48.85,45.83,49.28,"2,224,613","63,100.00",48.15,48.30
10-Jun-2016,49.07,+0.45,+0.93%,48.88,48.71,51.67,"2,805,984","257,331.00",48.85,49.00
03-Jun-2016,48.62,-0.71,-1.44%,49.54,47.75,50.10,"2,091,707","499,269.00",48.80,48.91
27-May-2016,49.33,+1.58,+3.31%,48.46,47.40,50.21,"2,396,770","525,695.00",49.48,49.61
20-May-2016,47.75,+1.54,+3.33%,46.28,46.15,48.95,"1,501,822","3,454.00",47.00,47.93
13-May-2016,46.21,+1.55,+3.47%,45.00,43.03,47.02,"3,581,405","228,868.00",46.30,46.41
06-May-2016,44.66,-1.26,-2.74%,45.90,43.22,46.15,"3,242,168","426,877.00",44.54,44.67
29-Apr-2016,45.92,+2.19,+5.01%,43.75,42.50,46.78,"2,904,654","489,408.00",45.89,46.11
22-Apr-2016,43.73,+3.37,+8.35%,38.75,37.61,44.49,"1,720,493","487,833.00",43.65,43.79
15-Apr-2016,40.36,+0.64,+1.61%,39.72,39.25,42.42,"3,215,385","80,094.00",40.38,40.44
08-Apr-2016,39.72,+2.93,+7.96%,36.61,35.24,39.84,"3,230,047","344,954.00",39.66,39.69
01-Apr-2016,36.79,-2.67,-6.77%,39.55,36.63,40.14,"2,409,618","542,223.00",36.63,36.78
25-Mar-2016,39.46,+0.02,+0.05%,39.06,38.33,41.90,"1,482,786","546,134.00",39.42,39.61
18-Mar-2016,39.44,+0.94,+2.44%,38.17,35.96,41.20,"1,858,376","21,921.00",39.06,42.00
11-Mar-2016,38.50,+2.58,+7.18%,36.20,36.09,39.02,"3,423,661","219,070.00",38.45,38.50
04-Mar-2016,35.92,+3.14,+9.58%,32.72,32.32,36.34,"2,767,780","478,769.00",36.27,36.35
26-Feb-2016,32.78,+3.14,+10.59%,29.72,29.48,34.69,"2,476,107","475,519.00",32.63,32.95
19-Feb-2016,29.64,+0.20,+0.68%,29.08,28.70,31.98,"1,559,294","18,966.00",29.23,30.50
12-Feb-2016,29.44,-1.45,-4.69%,30.97,26.05,31.38,"3,594,267","202,175.00",29.08,29.16
05-Feb-2016,30.89,-2.73,-8.12%,33.83,29.40,34.18,"3,323,127","507,532.00",30.93,31.05
29-Jan-2016,33.62,+1.43,+4.44%,32.05,29.25,34.82,"3,439,363","599,412.00",33.72,33.78
22-Jan-2016,32.19,+2.77,+9.42%,29.20,26.19,32.35,"1,550,744","606,884.00",32.21,32.30
15-Jan-2016,29.42,-3.74,-11.28%,32.94,29.13,33.20,"2,780,761","71,006.00",29.64,29.78
08-Jan-2016,33.16,-3.88,-10.48%,37.60,32.10,38.39,"2,619,832","337,703.00",32.86,32.95
01-Jan-2016,37.04,-1.06,-2.78%,38.00,36.22,38.09,"1,014,124","437,108.00",37.02,37.20
25-Dec-2015,38.10,+3.37,+9.70%,34.58,33.98,38.28,"910,080","450,492.00",38.01,38.21
18-Dec-2015,34.73,-0.89,-2.50%,35.40,34.29,37.88,"1,739,867","20,026.00",34.33,34.65
11-Dec-2015,35.62,-4.35,-10.88%,40.10,35.16,40.15,"3,068,109","220,602.00",35.32,35.39
04-Dec-2015,39.97,-1.74,-4.17%,41.77,39.60,42.61,"2,337,977","539,723.00",40.12,40.18
27-Nov-2015,41.71,+1.32,+3.27%,41.49,40.41,43.46,"1,646,127","559,391.00",41.74,41.78
20-Nov-2015,40.39,-0.35,-0.86%,40.92,38.99,42.25,"1,315,481","2,927.00",40.43,40.63
13-Nov-2015,40.74,-3.55,-8.02%,44.52,40.22,45.12,"2,462,580","214,795.00",40.72,40.78
06-Nov-2015,44.29,-2.30,-4.94%,46.43,44.11,48.36,"2,085,178","400,803.00",44.49,44.60
30-Oct-2015,46.59,+1.99,+4.46%,44.74,42.58,47.03,"1,994,247","505,296.00",46.35,46.49
23-Oct-2015,44.60,-2.66,-5.63%,47.27,44.20,47.49,"1,278,395","527,608.00",44.65,44.80
16-Oct-2015,47.26,-2.37,-4.78%,49.51,45.23,50.13,"1,791,359","60,949.00",47.23,47.32
09-Oct-2015,49.63,+4.09,+8.98%,45.65,45.21,50.92,"2,342,090","236,471.00",49.47,49.60
02-Oct-2015,45.54,-0.16,-0.35%,45.38,43.97,47.10,"1,794,654","431,407.00",45.60,45.71
25-Sep-2015,45.70,+1.02,+2.28%,44.97,43.71,47.15,"1,257,074","456,297.00",45.33,45.54
18-Sep-2015,44.68,+0.05,+0.11%,44.78,43.59,47.71,"1,661,894","49,704.00",44.40,45.13
11-Sep-2015,44.63,-1.42,-3.08%,45.82,43.36,46.41,"1,826,380","199,874.00",44.75,44.81
04-Sep-2015,46.05,+0.83,+1.84%,45.00,43.21,49.33,"3,085,303","375,040.00",45.60,45.81
28-Aug-2015,45.22,+4.77,+11.79%,40.30,37.75,45.90,"2,412,748","440,212.00",45.27,45.52
21-Aug-2015,40.45,-2.05,-4.82%,42.18,39.86,42.90,"1,024,003","462,982.00",40.26,40.44
14-Aug-2015,42.50,-1.37,-3.12%,43.58,41.35,45.34,"2,259,066","138,948.00",42.10,42.21
07-Aug-2015,43.87,-3.25,-6.90%,46.86,43.70,46.94,"1,785,244","384,492.00",43.70,43.88
31-Jul-2015,47.12,-1.02,-2.12%,48.00,46.68,49.52,"1,560,750","504,271.00",46.68,46.87
24-Jul-2015,48.14,-2.75,-5.40%,50.76,47.72,51.26,"1,068,002","502,179.00",47.91,48.03
17-Jul-2015,50.89,-1.85,-3.51%,52.15,50.14,53.50,"1,639,448","49,900.00",50.73,50.87
10-Jul-2015,52.74,-4.19,-7.36%,56.42,50.58,56.79,"2,234,036","207,929.00",52.80,52.82
03-Jul-2015,56.93,-2.70,-4.53%,58.84,56.50,59.69,"1,238,965","323,662.00",56.47,56.52
26-Jun-2015,59.63,+0.02,+0.03%,59.44,58.76,61.57,"1,130,250","332,326.00",59.50,59.66
19-Jun-2015,59.61,-0.35,-0.58%,59.90,58.73,61.38,"1,203,808","19,582.00",59.00,59.56
12-Jun-2015,59.96,+0.83,+1.40%,58.96,57.86,61.82,"1,804,415","136,961.00",59.92,60.01
05-Jun-2015,59.13,-1.17,-1.94%,60.29,56.83,61.58,"1,832,356","320,038.00",58.88,58.95
29-May-2015,60.30,+0.58,+0.97%,60.05,56.51,60.70,"1,437,949","389,811.00",60.21,60.40
22-May-2015,59.72,+0.03,+0.05%,59.85,57.09,60.94,"1,021,888","418,738.00",59.93,60.00
15-May-2015,59.69,+0.30,+0.51%,59.43,58.42,61.85,"1,740,395","73,396.00",59.71,59.97
08-May-2015,59.39,+0.24,+0.41%,59.30,58.14,62.58,"1,899,969","277,755.00",59.37,59.54
01-May-2015,59.15,+2.00,+3.50%,57.30,56.07,59.90,"1,528,594","404,717.00",59.10,59.38
24-Apr-2015,57.15,+1.41,+2.53%,56.16,54.85,58.41,"1,215,508","426,707.00",57.39,57.50
17-Apr-2015,55.74,+4.10,+7.94%,51.81,51.47,57.42,"1,959,221","58,190.00",56.05,56.19
10-Apr-2015,51.64,+2.50,+5.09%,49.47,49.47,54.13,"2,271,445","232,250.00",51.71,51.87
03-Apr-2015,49.14,+0.27,+0.55%,48.57,47.05,50.45,"1,626,112","440,920.00",49.45,49.59
27-Mar-2015,48.87,+3.15,+6.89%,46.41,45.33,52.48,"1,900,134","482,507.00",48.23,48.45
20-Mar-2015,45.72,+0.88,+1.96%,44.81,42.03,46.53,"1,063,911","1,874.00",43.60,45.00
13-Mar-2015,44.84,-4.77,-9.61%,49.60,44.75,50.79,"1,964,331","139,207.00",44.92,45.03
06-Mar-2015,49.61,-0.15,-0.30%,49.45,48.71,52.40,"2,039,556","302,172.00",49.78,49.84
27-Feb-2015,49.76,-0.58,-1.15%,50.75,47.80,51.28,"2,057,086","407,565.00",49.21,49.60
20-Feb-2015,50.34,-2.44,-4.62%,52.75,49.15,54.15,"932,149",208.00,48.04,53.90
13-Feb-2015,52.78,+1.09,+2.11%,52.01,48.05,53.99,"2,558,071","169,365.00",52.27,52.80
06-Feb-2015,51.69,+3.45,+7.15%,47.59,46.67,54.24,"2,915,670","393,894.00",52.03,52.36
30-Jan-2015,48.24,+2.65,+5.81%,45.20,43.58,48.35,"1,744,093","487,331.00",47.69,47.85
23-Jan-2015,45.59,-3.10,-6.37%,48.69,45.21,49.09,"1,191,108","491,567.00",45.27,45.39
16-Jan-2015,48.69,+0.33,+0.68%,48.19,44.20,51.27,"2,035,705","28,856.00",48.01,48.92
09-Jan-2015,48.36,-4.33,-8.22%,52.61,46.83,52.73,"2,070,595","201,262.00",48.10,48.31
02-Jan-2015,52.69,-2.04,-3.73%,55.05,52.03,55.74,"962,159","303,470.00",52.52,52.86
26-Dec-2014,54.73,-1.79,-3.17%,57.75,54.51,58.53,"853,493","305,205.00",55.06,55.20
19-Dec-2014,56.52,-1.29,-2.23%,57.07,53.60,58.98,"1,428,490","1,693.00",54.85,56.25
12-Dec-2014,57.81,-8.03,-12.20%,65.46,57.34,65.55,"1,915,770","161,331.00",57.38,57.64
05-Dec-2014,65.84,-0.31,-0.47%,66.00,63.72,69.54,"1,671,445","276,921.00",65.51,65.85
28-Nov-2014,66.15,-10.36,-13.54%,76.62,65.69,77.02,"1,300,462","342,057.00",65.83,66.26
21-Nov-2014,76.51,+0.69,+0.91%,75.93,73.88,77.83,"885,519","337,745.00",76.53,76.77
14-Nov-2014,75.82,-2.83,-3.60%,78.50,73.25,79.85,"1,796,009","163,223.00",75.83,76.09
07-Nov-2014,78.65,-1.89,-2.35%,80.59,75.84,80.98,"1,865,467","260,217.00",78.38,78.50
31-Oct-2014,80.54,-0.47,-0.58%,81.27,79.44,82.88,"1,359,410","319,526.00",80.54,80.75
24-Oct-2014,81.01,-1.74,-2.10%,83.13,80.05,84.05,"1,086,709","331,898.00",81.23,81.40
17-Oct-2014,82.75,-3.07,-3.58%,85.20,79.78,85.87,"1,854,564","48,548.00",82.75,83.25
10-Oct-2014,85.82,-3.92,-4.37%,89.77,83.59,90.74,"1,692,027","147,930.00",85.25,85.78
03-Oct-2014,89.74,-3.80,-4.06%,93.35,88.18,94.90,"1,872,092","234,553.00",89.65,89.78
26-Sep-2014,93.54,+1.13,+1.22%,92.22,90.58,93.86,"1,062,088","279,161.00",93.34,93.47
19-Sep-2014,92.41,+0.14,+0.15%,92.13,90.63,95.19,"1,124,613","17,231.00",92.21,92.64
12-Sep-2014,92.27,-1.02,-1.09%,93.49,90.43,93.94,"1,550,115","144,779.00",92.13,92.19
05-Sep-2014,93.29,-2.67,-2.78%,95.81,92.68,95.91,"1,130,277","228,674.00",93.33,93.52
29-Aug-2014,95.96,+2.31,+2.47%,93.34,93.05,96.00,"985,872","268,859.00",95.83,95.89
22-Aug-2014,93.65,-3.70,-3.80%,97.10,92.50,97.16,"707,266","300,273.00",93.33,93.57
15-Aug-2014,97.35,-0.30,-0.31%,97.54,95.26,98.58,"1,358,157","82,169.00",97.12,97.27
08-Aug-2014,97.65,-0.23,-0.23%,97.67,96.55,98.67,"1,262,634","200,800.00",97.25,97.57
01-Aug-2014,97.88,-4.21,-4.12%,101.87,97.09,102.10,"1,330,626","279,167.00",97.56,97.62
25-Jul-2014,102.09,-1.04,-1.01%,102.97,101.00,105.25,"910,150","315,576.00",101.83,101.98
18-Jul-2014,103.13,+2.30,+2.28%,100.46,99.01,103.94,"1,339,474","74,404.00",102.82,103.06
11-Jul-2014,100.83,-3.23,-3.10%,104.06,100.44,104.20,"1,200,241","172,644.00",100.41,100.65
04-Jul-2014,104.06,-1.68,-1.59%,105.69,103.67,106.09,"847,024","256,892.00",103.93,104.11
27-Jun-2014,105.74,-1.52,-1.42%,107.42,105.03,107.50,"924,441","293,795.00",105.65,105.84
20-Jun-2014,107.26,+0.35,+0.33%,106.88,105.32,107.73,"788,811","24,798.00",106.20,107.00
13-Jun-2014,106.91,+4.25,+4.14%,102.78,102.62,107.68,"1,266,939","149,296.00",106.50,106.84
06-Jun-2014,102.66,-0.05,-0.05%,102.92,101.60,103.69,"925,950","244,426.00",102.73,102.80
30-May-2014,102.71,-1.64,-1.57%,104.34,102.40,104.50,"788,761","296,153.00",102.82,102.97
23-May-2014,104.35,+2.33,+2.28%,102.13,101.97,104.50,"761,303","324,336.00",104.33,104.45
16-May-2014,102.02,+2.03,+2.03%,100.12,99.93,102.65,"1,123,669","79,696.00",102.11,102.22
09-May-2014,99.99,+0.23,+0.23%,99.96,98.91,101.18,"1,256,427","216,508.00",99.95,100.13
02-May-2014,99.76,-0.84,-0.83%,100.49,98.74,102.20,"1,182,346","308,632.00",99.86,100.00
25-Apr-2014,100.60,-3.70,-3.55%,104.54,100.48,104.77,"836,108","345,270.00",100.67,100.70
18-Apr-2014,104.30,+0.56,+0.54%,103.56,102.91,104.99,"923,795","74,966.00",104.45,104.73
11-Apr-2014,103.74,+2.60,+2.57%,100.91,99.92,104.44,"1,363,177","191,003.00",103.30,103.40
04-Apr-2014,101.14,-0.53,-0.52%,101.69,98.86,101.97,"1,025,692","309,407.00",100.98,101.22
28-Mar-2014,101.67,+2.21,+2.22%,99.49,98.80,102.24,"948,616","339,881.00",101.49,101.74
21-Mar-2014,99.46,+0.57,+0.58%,99.39,97.37,100.82,"755,383","342,278.00",99.50,99.74
14-Mar-2014,98.89,-3.69,-3.60%,102.75,97.55,102.82,"1,430,792","130,960.00",98.98,99.04
07-Mar-2014,102.58,-0.01,-0.01%,103.00,100.13,105.22,"1,291,655","250,990.00",102.54,102.83
28-Feb-2014,102.59,+0.39,+0.38%,102.29,101.02,103.45,"936,364","307,986.00",102.65,102.76
21-Feb-2014,102.20,+1.90,+1.89%,100.32,100.23,103.80,"503,058","320,747.00",102.29,102.33
14-Feb-2014,100.30,+0.42,+0.42%,100.05,99.11,101.38,"1,255,252","94,856.00",100.36,100.41
07-Feb-2014,99.88,+2.39,+2.45%,97.40,96.26,100.24,"1,239,953","259,315.00",100.09,100.25
31-Jan-2014,97.49,+0.85,+0.88%,96.90,95.21,98.59,"1,094,963","305,152.00",97.40,97.55
24-Jan-2014,96.64,+2.27,+2.41%,94.00,93.43,97.84,"801,725","342,555.00",96.90,96.92
17-Jan-2014,94.37,+1.65,+1.78%,92.83,91.43,94.94,"1,003,999","20,052.00",94.00,94.21
10-Jan-2014,92.72,-1.24,-1.32%,94.18,91.24,94.59,"1,123,188","162,409.00",92.80,92.90
03-Jan-2014,93.96,-6.36,-6.34%,100.15,93.86,100.42,"699,033","248,008.00",94.02,94.32
27-Dec-2013,100.32,+1.00,+1.01%,99.20,98.53,100.75,"352,014","277,528.00",100.10,100.22
20-Dec-2013,99.32,+2.72,+2.82%,96.55,96.21,99.40,"567,201","290,638.00",99.09,99.21
13-Dec-2013,96.60,-1.05,-1.08%,97.66,96.26,98.75,"1,188,032","101,077.00",96.36,96.56
06-Dec-2013,97.65,+4.93,+5.32%,92.71,92.56,98.07,"1,320,264","249,065.00",97.66,97.85
29-Nov-2013,92.72,-2.12,-2.24%,94.15,91.77,94.69,"805,121","334,786.00",92.77,92.82
22-Nov-2013,94.84,+1.00,+1.07%,93.78,92.43,95.63,"808,330","345,927.00",94.68,94.90
15-Nov-2013,93.84,-0.76,-0.80%,94.45,92.51,95.38,"1,384,851","86,952.00",93.57,93.76
08-Nov-2013,94.60,-0.01,-0.01%,94.52,93.07,95.40,"1,230,572","246,767.00",94.31,94.37
01-Nov-2013,94.61,-3.24,-3.31%,97.88,94.36,98.82,"1,219,075","332,364.00",94.55,94.67
25-Oct-2013,97.85,-2.96,-2.94%,100.63,95.95,100.95,"919,123","360,037.00",97.89,98.05
18-Oct-2013,100.81,-1.21,-1.19%,101.37,100.03,102.97,"1,029,433","61,473.00",100.62,100.87
11-Oct-2013,102.02,-1.82,-1.75%,103.45,100.60,104.08,"1,341,425","166,947.00",101.70,101.92
04-Oct-2013,103.84,+0.97,+0.94%,102.46,101.05,104.38,"1,141,683","284,382.00",103.53,103.80
27-Sep-2013,102.87,-1.81,-1.73%,104.89,102.20,105.12,"1,135,207","314,427.00",102.75,102.90
20-Sep-2013,104.68,-3.53,-3.26%,107.50,104.32,108.99,"966,730","2,339.00",105.83,106.50
13-Sep-2013,108.21,-2.32,-2.10%,110.28,106.39,110.46,"1,287,281","172,960.00",108.52,108.64
06-Sep-2013,110.53,+2.88,+2.68%,107.07,104.21,110.70,"967,150","273,580.00",110.17,110.42
30-Aug-2013,107.65,+1.23,+1.16%,106.91,105.56,112.24,"1,287,770","312,225.00",107.68,107.85
23-Aug-2013,106.42,-1.04,-0.97%,107.78,103.50,107.80,"866,136","326,680.00",106.32,106.40
16-Aug-2013,107.46,+1.49,+1.41%,105.84,105.03,108.17,"1,236,560","69,480.00",107.50,107.78
09-Aug-2013,105.97,-0.97,-0.91%,106.84,102.22,107.69,"1,395,964","243,485.00",105.92,106.25
02-Aug-2013,106.94,+2.24,+2.14%,104.61,102.67,108.82,"1,257,966","325,484.00",106.65,106.96
26-Jul-2013,104.70,-3.35,-3.10%,108.34,103.90,108.79,"1,028,716","365,623.00",104.42,104.70
19-Jul-2013,108.05,+2.10,+1.98%,106.05,104.65,109.32,"992,852","21,773.00",107.43,109.00
12-Jul-2013,105.95,+2.73,+2.64%,103.95,102.13,107.45,"1,495,179","151,608.00",106.08,106.37
05-Jul-2013,103.22,+6.66,+6.90%,96.58,96.07,103.68,"1,124,251","237,944.00",103.48,103.63
28-Jun-2013,96.56,+2.87,+3.06%,93.85,92.67,97.82,"1,391,698","270,557.00",96.39,96.59
21-Jun-2013,93.69,-4.16,-4.25%,97.85,93.12,99.01,"867,346","281,342.00",93.73,94.00
14-Jun-2013,97.85,+1.82,+1.90%,96.09,94.04,98.25,"1,202,300","108,363.00",97.71,97.90
07-Jun-2013,96.03,+4.06,+4.41%,91.73,91.26,96.39,"1,455,516","213,390.00",96.24,96.30
31-May-2013,91.97,-2.18,-2.32%,93.89,91.56,95.92,"1,097,284","285,093.00",91.57,91.78
24-May-2013,94.15,-1.87,-1.95%,95.93,92.21,97.11,"982,742","316,587.00",93.80,93.91
17-May-2013,96.02,-0.02,-0.02%,95.76,92.13,96.45,"1,412,740","55,887.00",95.85,96.19
10-May-2013,96.04,+0.43,+0.45%,95.58,93.37,97.17,"1,433,775","186,788.00",95.81,95.99
03-May-2013,95.61,+2.61,+2.81%,92.70,90.11,96.04,"1,432,819","276,665.00",95.50,95.66
26-Apr-2013,93.00,+4.99,+5.67%,87.96,87.55,93.87,"1,093,351","314,682.00",92.70,92.90
19-Apr-2013,88.01,-3.28,-3.59%,90.95,85.61,90.98,"1,273,060","21,646.00",87.96,88.00
12-Apr-2013,91.29,-1.41,-1.52%,93.02,90.27,94.82,"1,243,413","132,178.00",90.61,90.72
05-Apr-2013,92.70,-4.53,-4.66%,97.36,91.91,97.80,"1,327,105","235,566.00",92.92,93.10
29-Mar-2013,97.23,+3.52,+3.76%,93.72,93.70,97.35,"867,163","296,042.00",97.13,97.26
22-Mar-2013,93.71,+0.26,+0.28%,93.26,91.76,94.09,"692,559","295,203.00",93.78,93.95
15-Mar-2013,93.45,+1.50,+1.63%,91.83,90.89,93.84,"1,079,369","65,272.00",93.36,93.64
08-Mar-2013,91.95,+1.27,+1.40%,90.71,89.33,92.03,"1,140,032","175,175.00",91.83,91.94
01-Mar-2013,90.68,-2.45,-2.63%,93.23,90.04,94.46,"1,116,452","259,321.00",90.91,91.02
22-Feb-2013,93.13,-2.73,-2.85%,95.97,92.44,97.07,"639,290","296,257.00",93.27,93.44
15-Feb-2013,95.86,+0.14,+0.15%,95.79,94.97,98.11,"1,168,380","54,552.00",96.04,96.20
08-Feb-2013,95.72,-2.05,-2.10%,97.72,95.04,97.76,"1,173,335","202,171.00",95.74,95.77
01-Feb-2013,97.77,+1.89,+1.97%,96.04,95.47,98.24,"1,132,299","276,540.00",97.60,97.64
25-Jan-2013,95.88,+0.32,+0.33%,95.25,94.95,96.92,"772,872","294,046.00",96.06,96.12
18-Jan-2013,95.56,+2.00,+2.14%,93.74,92.95,96.04,"1,035,101","26,801.00",95.15,95.46
11-Jan-2013,93.56,+0.47,+0.50%,93.21,92.42,94.70,"1,100,660","145,743.00",93.73,93.79
04-Jan-2013,93.09,+2.29,+2.52%,90.41,90.00,93.87,"723,949","236,828.00",93.13,93.22
28-Dec-2012,90.80,+2.14,+2.41%,88.60,88.20,91.49,"474,259","277,570.00",90.60,90.92
21-Dec-2012,88.66,+1.93,+2.23%,86.88,86.48,90.54,"645,682","300,867.00",88.82,88.99
14-Dec-2012,86.73,+0.80,+0.93%,85.98,85.21,87.68,"1,176,497","91,805.00",86.73,86.91
07-Dec-2012,85.93,-2.98,-3.35%,88.85,85.68,90.33,"1,177,388","249,188.00",85.84,86.00
30-Nov-2012,88.91,+0.63,+0.71%,88.21,85.36,88.99,"1,103,043","309,470.00",88.70,88.96
23-Nov-2012,88.28,+1.61,+1.86%,87.30,86.17,89.80,"895,632","324,789.00",88.24,88.30
16-Nov-2012,86.67,+0.60,+0.70%,86.19,84.57,87.01,"1,107,047","1,080.00",86.58,86.62
09-Nov-2012,86.07,+1.21,+1.43%,84.65,84.05,89.22,"1,566,039","236,478.00",85.98,86.29
02-Nov-2012,84.86,-1.42,-1.65%,86.43,84.66,87.42,"959,018","350,335.00",84.66,84.86
26-Oct-2012,86.28,-3.77,-4.19%,89.52,84.94,90.80,"1,052,672","394,325.00",86.00,86.25
19-Oct-2012,90.05,-1.81,-1.97%,91.63,89.79,93.05,"1,035,878","16,703.00",89.15,90.65
12-Oct-2012,91.86,+1.98,+2.20%,89.85,88.21,93.66,"1,382,779","150,511.00",91.41,91.87
05-Oct-2012,89.88,-2.31,-2.51%,92.15,87.70,93.33,"1,303,759","263,116.00",89.79,89.98
28-Sep-2012,92.19,-0.70,-0.75%,93.18,88.95,93.20,"1,146,880","309,763.00",92.06,92.11
21-Sep-2012,92.89,-6.11,-6.17%,99.15,90.66,99.52,"848,691","332,097.00",92.86,93.11
14-Sep-2012,99.00,+2.58,+2.68%,96.24,95.34,100.42,"1,230,379","117,839.00",99.01,99.09
07-Sep-2012,96.42,-0.05,-0.05%,96.38,94.08,97.71,"1,109,299","222,619.00",96.27,96.30
31-Aug-2012,96.47,+0.32,+0.33%,96.67,93.95,97.72,"1,056,707","263,326.00",96.37,96.71
24-Aug-2012,96.15,+0.14,+0.15%,96.36,95.02,98.29,"793,201","276,726.00",95.81,96.32
17-Aug-2012,96.01,+3.14,+3.38%,93.25,92.05,96.28,"1,137,541","58,853.00",95.77,96.28
10-Aug-2012,92.87,+1.47,+1.61%,91.34,90.63,94.72,"1,207,466","168,873.00",93.38,93.45
03-Aug-2012,91.40,+1.27,+1.41%,90.14,86.92,91.74,"1,359,631","261,445.00",91.18,91.50
27-Jul-2012,90.13,-1.31,-1.43%,91.61,86.84,91.64,"1,333,584","304,281.00",90.04,90.31
20-Jul-2012,91.44,+4.34,+4.98%,87.13,86.41,92.94,"803,779","15,334.00",84.90,92.90
13-Jul-2012,87.10,+2.65,+3.14%,84.20,83.65,87.61,"1,357,684","128,141.00",86.90,87.07
06-Jul-2012,84.45,-0.51,-0.60%,84.65,82.10,88.98,"1,300,110","230,925.00",84.00,84.25
29-Jun-2012,84.96,+5.20,+6.52%,80.20,77.28,85.34,"1,504,472","280,304.00",84.86,84.89
22-Jun-2012,79.76,-4.27,-5.08%,85.09,77.56,85.60,"1,033,525","296,857.00",80.11,80.14
15-Jun-2012,84.03,-0.07,-0.08%,85.72,81.07,86.64,"1,487,056","82,099.00",84.19,84.20
08-Jun-2012,84.10,+0.87,+1.05%,82.96,81.21,87.03,"1,512,880","211,865.00",84.32,84.33
01-Jun-2012,83.23,-7.63,-8.40%,91.00,82.29,92.21,"1,312,771","279,773.00",83.26,83.29
25-May-2012,90.86,-0.62,-0.68%,91.27,89.28,93.06,"795,565","301,956.00",90.71,90.73
18-May-2012,91.48,-4.65,-4.84%,95.79,90.93,95.83,"1,336,899","55,178.00",91.34,91.35
11-May-2012,96.13,-2.36,-2.40%,98.05,95.17,98.24,"1,509,959","160,102.00",95.57,95.58
04-May-2012,98.49,-6.44,-6.14%,104.93,97.51,106.43,"1,473,966","259,572.00",98.58,98.60
27-Apr-2012,104.93,+1.88,+1.82%,103.82,101.82,105.00,"1,060,926","278,340.00",104.76,104.80
20-Apr-2012,103.05,+0.22,+0.21%,102.80,101.67,105.07,"840,269","17,447.00",101.50,104.38
13-Apr-2012,102.83,-0.48,-0.46%,102.53,100.68,104.24,"1,300,403","127,621.00",102.84,102.85
06-Apr-2012,103.31,+0.29,+0.28%,103.27,101.08,105.49,"1,067,270","226,798.00",103.23,103.25
30-Mar-2012,103.02,-3.85,-3.60%,106.79,102.13,107.73,"1,244,519","276,454.00",102.92,102.93
23-Mar-2012,106.87,-0.19,-0.18%,107.18,104.50,108.25,"945,140","299,243.00",106.74,106.75
16-Mar-2012,107.06,-0.34,-0.32%,107.50,103.78,107.56,"1,364,618","59,355.00",107.15,107.18
09-Mar-2012,107.40,+0.70,+0.66%,106.75,104.35,108.20,"1,492,498","171,142.00",107.42,107.44
02-Mar-2012,106.70,-3.07,-2.80%,109.67,104.84,110.55,"1,598,947","248,609.00",106.50,106.52
24-Feb-2012,109.77,+6.53,+6.33%,104.65,104.26,109.95,"867,683","267,938.00",109.61,109.63
17-Feb-2012,103.24,+4.57,+4.63%,99.33,99.09,104.14,"1,192,426","19,374.00",104.02,104.05
10-Feb-2012,98.67,+0.83,+0.85%,97.74,95.84,100.18,"1,625,671","168,430.00",99.04,99.05
03-Feb-2012,97.84,-1.72,-1.73%,100.00,95.44,101.29,"1,533,152","280,572.00",97.75,97.78
27-Jan-2012,99.56,+1.10,+1.12%,98.34,97.40,101.39,"1,318,431","294,225.00",99.76,99.79
20-Jan-2012,98.46,-0.24,-0.24%,98.95,97.91,102.06,"746,504",590.00,97.94,98.35
13-Jan-2012,98.70,-2.86,-2.82%,101.92,97.70,103.41,"1,620,913","115,533.00",99.03,99.07
06-Jan-2012,101.56,+2.73,+2.76%,99.70,99.65,103.74,"1,133,265","215,536.00",101.91,101.93
30-Dec-2011,98.83,-0.85,-0.85%,99.92,98.30,101.77,"596,872","227,132.00",99.04,99.07
23-Dec-2011,99.68,+6.15,+6.58%,93.76,92.54,100.23,"616,740","246,021.00",99.84,99.86
16-Dec-2011,93.53,-5.88,-5.91%,99.58,92.52,101.25,"1,517,029","58,145.00",93.78,93.80
09-Dec-2011,99.41,-1.55,-1.54%,101.23,97.36,102.44,"1,446,386","188,306.00",99.81,99.82
02-Dec-2011,100.96,+4.19,+4.33%,97.50,97.13,101.75,"1,457,229","283,789.00",101.10,101.13
25-Nov-2011,96.77,-0.64,-0.66%,97.54,94.99,98.70,"1,067,639","326,170.00",97.37,97.39
18-Nov-2011,97.41,-1.58,-1.60%,99.30,96.64,103.37,"1,317,044","3,430.00",96.47,99.52
11-Nov-2011,98.99,+4.73,+5.02%,94.40,93.23,99.40,"1,710,980","189,100.00",99.21,99.22
04-Nov-2011,94.26,+0.94,+1.01%,93.53,89.17,94.93,"1,440,974","269,084.00",94.42,94.48
28-Oct-2011,93.32,+5.92,+6.77%,87.05,87.00,94.65,"1,989,163","299,137.00",93.47,93.49
21-Oct-2011,87.40,+0.60,+0.69%,87.48,84.10,89.51,"870,898","351,899.00",87.53,87.55
14-Oct-2011,86.80,+3.82,+4.60%,82.75,82.75,87.42,"1,556,493","95,320.00",87.26,87.28
07-Oct-2011,82.98,+3.78,+4.77%,78.92,74.95,84.00,"1,920,591","235,653.00",82.84,82.87
30-Sep-2011,79.20,-0.65,-0.81%,79.64,77.11,84.77,"1,641,391","300,388.00",78.74,78.77
23-Sep-2011,79.85,-8.11,-9.22%,87.75,77.55,87.99,"1,348,695","306,766.00",79.91,79.96
16-Sep-2011,87.96,+0.72,+0.83%,86.70,85.00,90.52,"1,557,557","57,434.00",87.86,87.90
09-Sep-2011,87.24,+0.79,+0.91%,86.46,83.20,90.48,"1,315,857","216,667.00",86.98,87.01
02-Sep-2011,86.45,+1.08,+1.27%,85.33,85.11,89.90,"1,431,310","277,716.00",86.63,86.67
26-Aug-2011,85.37,+3.11,+3.78%,82.42,81.13,86.59,"1,320,104","301,629.00",85.54,85.57
19-Aug-2011,82.26,-3.12,-3.65%,85.59,79.17,89.00,"1,492,708","19,072.00",82.73,82.77
12-Aug-2011,85.38,-1.50,-1.73%,85.71,75.71,87.37,"2,499,189","203,031.00",85.30,85.35
05-Aug-2011,86.88,-8.82,-9.22%,96.20,82.87,98.60,"2,125,682","327,694.00",87.18,87.26
29-Jul-2011,95.70,-4.17,-4.18%,99.76,94.95,100.62,"1,363,056","362,094.00",95.86,95.88
22-Jul-2011,99.87,+2.63,+2.70%,97.37,94.69,100.19,"894,544","377,153.00",99.80,99.81
15-Jul-2011,97.24,+1.04,+1.08%,96.10,93.55,99.21,"1,679,920","86,892.00",97.48,97.49
08-Jul-2011,96.20,+1.26,+1.33%,94.98,94.34,99.42,"1,251,240","241,645.00",96.45,96.50
01-Jul-2011,94.94,+3.78,+4.15%,91.16,89.61,95.84,"1,446,701","299,737.00",94.71,94.75
24-Jun-2011,91.16,-1.85,-1.99%,92.80,89.69,95.70,"1,296,310","330,972.00",91.21,91.24
17-Jun-2011,93.01,-6.28,-6.32%,98.77,91.84,99.95,"1,819,455","65,994.00",92.90,92.94
10-Jun-2011,99.29,-0.93,-0.93%,100.42,97.74,102.44,"1,914,098","203,326.00",98.92,98.96
03-Jun-2011,100.22,-0.37,-0.37%,100.69,98.12,103.39,"1,436,459","328,205.00",100.56,100.58
27-May-2011,100.59,+1.10,+1.11%,99.68,96.37,101.90,"1,535,627","376,620.00",100.74,100.76
20-May-2011,99.49,-0.16,-0.16%,99.36,95.02,100.99,"1,196,340","2,802.00",97.83,99.69
13-May-2011,99.65,+2.47,+2.54%,98.11,95.25,104.60,"2,323,878","191,189.00",99.34,99.36
06-May-2011,97.18,-16.75,-14.70%,113.89,94.63,114.83,"2,220,955","308,727.00",98.04,98.06
29-Apr-2011,113.93,+1.64,+1.46%,112.34,110.71,114.18,"1,286,256","341,620.00",113.72,113.75
22-Apr-2011,112.29,+2.63,+2.40%,109.43,105.50,112.48,"707,274","355,227.00",112.34,112.36
15-Apr-2011,109.66,-3.13,-2.78%,113.28,105.31,113.46,"1,953,302","60,327.00",109.37,109.41
08-Apr-2011,112.79,+4.85,+4.49%,108.29,107.50,113.21,"1,387,831","250,489.00",113.05,113.06
01-Apr-2011,107.94,+2.54,+2.41%,105.43,102.70,108.47,"1,281,138","338,384.00",108.30,108.32
25-Mar-2011,105.40,+4.33,+4.28%,102.12,101.43,106.69,"884,124","355,480.00",105.53,105.57
18-Mar-2011,101.07,-0.09,-0.09%,100.31,96.22,103.66,"1,515,362","59,928.00",101.59,101.63
11-Mar-2011,101.16,-3.26,-3.12%,104.65,99.01,106.95,"1,953,938","207,719.00",100.58,100.60
04-Mar-2011,104.42,+6.54,+6.68%,98.50,96.37,105.17,"1,782,511","275,563.00",104.90,104.91
25-Feb-2011,97.88,+11.68,+13.55%,86.33,86.25,103.41,"1,342,951","289,592.00",98.19,98.24
18-Feb-2011,86.20,+0.62,+0.72%,85.50,83.85,87.88,"1,232,578","34,287.00",86.05,86.25
11-Feb-2011,85.58,-3.45,-3.88%,89.06,85.10,89.54,"1,909,649","190,899.00",85.28,85.34
04-Feb-2011,89.03,-0.31,-0.35%,89.97,88.40,92.84,"1,792,209","365,414.00",89.12,89.14
28-Jan-2011,89.34,+0.23,+0.26%,89.26,85.11,89.73,"1,996,652","396,281.00",89.48,89.50
21-Jan-2011,89.11,-2.43,-2.65%,91.51,88.00,92.10,"635,228","405,376.00",89.08,89.18
14-Jan-2011,91.54,+3.51,+3.99%,89.00,88.13,92.39,"1,914,953","88,818.00",91.63,91.69
07-Jan-2011,88.03,-3.35,-3.67%,91.31,87.25,92.58,"1,942,887","251,299.00",88.47,88.49
31-Dec-2010,91.38,-0.13,-0.14%,91.07,89.02,92.06,"707,244","311,738.00",91.39,91.40
24-Dec-2010,91.51,+3.49,+3.97%,88.18,87.26,91.63,"552,762","312,495.00",91.41,91.53
17-Dec-2010,88.02,+0.23,+0.26%,87.68,86.83,89.49,"1,340,214","19,354.00",88.20,88.23
10-Dec-2010,87.79,-1.40,-1.57%,89.44,87.10,90.76,"1,807,475","162,480.00",87.80,87.82
03-Dec-2010,89.19,+5.43,+6.48%,83.90,83.55,89.49,"1,700,171","313,833.00",89.44,89.45
26-Nov-2010,83.76,+2.25,+2.76%,82.15,80.28,84.53,"1,140,771","339,956.00",83.87,83.90
19-Nov-2010,81.51,-3.37,-3.97%,84.87,80.06,85.77,"1,301,988","2,898.00",81.59,81.65
12-Nov-2010,84.88,-1.97,-2.27%,87.39,84.52,88.63,"1,972,628","197,922.00",84.70,84.80
05-Nov-2010,86.85,+5.42,+6.66%,81.45,81.32,87.43,"1,667,379","329,434.00",87.40,87.44
29-Oct-2010,81.43,-0.26,-0.32%,82.01,80.52,83.28,"1,591,196","364,548.00",81.42,81.44
22-Oct-2010,81.69,+0.44,+0.54%,81.38,79.25,83.28,"1,051,811","388,298.00",81.88,81.92
15-Oct-2010,81.25,-1.41,-1.71%,82.95,80.75,84.12,"1,584,989","98,423.00",81.41,81.49
08-Oct-2010,82.66,+1.08,+1.32%,81.68,80.30,84.43,"1,864,345","259,758.00",82.82,82.87
01-Oct-2010,81.58,+5.09,+6.65%,76.47,75.52,81.75,"1,786,556","327,984.00",81.72,81.75
24-Sep-2010,76.49,+2.83,+3.84%,73.59,72.81,76.68,"1,095,254","350,962.00",76.44,76.50
17-Sep-2010,73.66,-2.79,-3.65%,76.36,72.75,78.04,"1,606,708","65,538.00",73.44,73.57
10-Sep-2010,76.45,+1.85,+2.48%,74.30,72.63,76.73,"1,570,651","192,787.00",76.35,76.42
03-Sep-2010,74.60,-0.57,-0.76%,75.50,71.53,75.58,"1,846,153","301,218.00",74.31,74.34
27-Aug-2010,75.17,+1.71,+2.33%,73.90,70.76,75.59,"1,777,569","303,054.00",75.55,75.57
20-Aug-2010,73.46,-1.93,-2.56%,75.60,73.19,76.63,"988,596","2,230.00",73.38,73.50
13-Aug-2010,75.39,-5.31,-6.58%,80.91,75.01,81.76,"1,786,740","138,678.00",75.53,75.60
06-Aug-2010,80.70,+1.75,+2.22%,78.95,78.83,82.97,"1,522,741","280,208.00",80.82,80.95
30-Jul-2010,78.95,-0.03,-0.04%,78.98,75.90,79.69,"1,564,679","338,723.00",78.95,78.99
23-Jul-2010,78.98,+2.97,+3.91%,75.72,75.50,79.60,"1,144,737","364,806.00",78.85,78.89
16-Jul-2010,76.01,-0.08,-0.11%,76.30,74.25,78.15,"1,626,705","59,046.00",75.76,75.81
09-Jul-2010,76.09,+3.95,+5.48%,72.06,71.09,76.48,"1,210,087","233,075.00",76.44,76.47
02-Jul-2010,72.14,-6.72,-8.52%,79.00,71.62,79.38,"1,565,576","300,301.00",72.25,72.33
25-Jun-2010,78.86,+1.68,+2.18%,77.50,75.17,79.19,"1,093,521","309,630.00",79.13,79.19
18-Jun-2010,77.18,+3.40,+4.61%,74.06,74.04,78.13,"1,414,040","51,860.00",77.30,77.37
11-Jun-2010,73.78,+2.27,+3.17%,70.35,69.51,76.30,"2,128,036","156,818.00",74.16,74.30
04-Jun-2010,71.51,-2.46,-3.33%,73.97,70.73,75.42,"1,717,547","343,960.00",70.88,70.96
28-May-2010,73.97,+3.93,+5.61%,70.62,67.15,75.72,"1,903,224","374,848.00",73.95,74.42
21-May-2010,70.04,-1.57,-2.19%,71.79,64.24,72.52,"1,174,029","397,031.00",70.30,70.55
14-May-2010,71.61,-3.50,-4.66%,76.11,70.83,78.51,"2,270,854","158,173.00",72.01,72.06
07-May-2010,75.11,-11.04,-12.81%,86.20,74.51,87.15,"2,540,983","328,397.00",75.41,75.46
30-Apr-2010,86.15,+1.03,+1.21%,85.22,81.29,86.50,"1,986,488","355,407.00",86.15,86.24
23-Apr-2010,85.12,+1.88,+2.26%,82.92,80.53,85.19,"1,340,996","362,596.00",85.04,85.09
16-Apr-2010,83.24,-1.68,-1.98%,85.17,82.51,86.39,"1,942,223","53,387.00",82.93,82.97
09-Apr-2010,84.92,+0.05,+0.06%,85.31,84.12,87.09,"1,746,653","238,925.00",84.73,85.01
02-Apr-2010,84.87,+4.87,+6.09%,80.24,80.18,85.37,"1,161,675","317,046.00",85.23,85.31
26-Mar-2010,80.00,-0.68,-0.84%,80.93,78.57,82.20,"1,223,190","333,041.00",80.13,80.15
19-Mar-2010,80.68,-0.56,-0.69%,81.13,79.13,83.09,"1,207,545","23,497.00",80.62,80.73
12-Mar-2010,81.24,-0.26,-0.32%,81.79,80.16,83.16,"1,673,994","153,514.00",81.08,81.12
05-Mar-2010,81.50,+1.84,+2.31%,79.84,78.06,82.07,"1,485,849","239,885.00",81.78,81.80
26-Feb-2010,79.66,-0.15,-0.19%,80.10,77.05,80.51,"1,306,200","259,774.00",79.58,79.69
19-Feb-2010,79.81,+5.68,+7.66%,74.02,73.71,80.10,"1,106,251","27,761.00",80.03,80.15
12-Feb-2010,74.13,+2.94,+4.13%,72.18,70.77,75.69,"1,997,786","132,577.00",74.17,74.24
05-Feb-2010,71.19,-1.70,-2.33%,72.84,69.50,78.04,"2,155,008","287,290.00",71.89,71.93
29-Jan-2010,72.89,-1.65,-2.21%,74.24,72.43,75.42,"1,521,126","342,928.00",72.61,72.74
22-Jan-2010,74.54,-3.46,-4.44%,77.85,74.01,79.15,"903,797","358,151.00",74.02,74.12
15-Jan-2010,78.00,-4.75,-5.74%,82.88,77.70,83.95,"1,507,756","68,799.00",77.94,77.96
08-Jan-2010,82.75,+3.39,+4.27%,79.63,79.63,83.52,"1,449,497","250,371.00",82.87,82.96
01-Jan-2010,79.36,+1.31,+1.68%,77.92,77.76,80.00,"522,432","278,234.00",79.60,79.63
25-Dec-2009,78.05,+4.69,+6.39%,73.05,71.99,78.25,"530,890","279,539.00",77.71,77.77
18-Dec-2009,73.36,+3.49,+4.99%,69.63,68.59,74.69,"1,126,952","19,599.00",73.04,73.11
11-Dec-2009,69.87,-5.60,-7.42%,75.80,69.46,76.10,"2,062,055","172,256.00",69.56,69.62
04-Dec-2009,75.47,-0.58,-0.76%,76.05,74.85,79.04,"1,773,285","320,427.00",75.69,75.75
27-Nov-2009,76.05,-0.67,-0.87%,77.80,72.39,79.92,"1,434,657","354,436.00",75.95,76.00
20-Nov-2009,76.72,+0.37,+0.48%,76.58,76.20,80.33,"1,144,561","5,075.00",76.58,76.80
13-Nov-2009,76.35,-1.08,-1.39%,77.87,75.57,80.51,"1,744,504","188,471.00",76.50,76.54
06-Nov-2009,77.43,+0.43,+0.56%,77.02,76.55,81.06,"1,764,501","291,668.00",77.45,77.47
30-Oct-2009,77.00,-3.50,-4.35%,79.65,76.85,81.58,"1,871,986","334,456.00",77.04,77.05
23-Oct-2009,80.50,+1.97,+2.51%,78.56,77.64,82.00,"1,156,592","354,827.00",80.19,80.20
16-Oct-2009,78.53,+6.76,+9.42%,72.24,72.05,78.75,"1,511,377","67,269.00",78.56,78.58
09-Oct-2009,71.77,+1.82,+2.60%,69.81,68.05,72.55,"1,734,620","192,598.00",72.00,72.02
02-Oct-2009,69.95,+3.93,+5.95%,66.15,65.41,71.39,"1,512,149","298,730.00",69.70,69.71
25-Sep-2009,66.02,-6.02,-8.36%,71.78,65.05,72.20,"1,154,404","303,673.00",66.00,66.02
18-Sep-2009,72.04,+2.75,+3.97%,69.15,68.02,73.16,"1,237,109","51,794.00",71.99,72.00
11-Sep-2009,69.29,+1.27,+1.87%,67.87,67.54,72.90,"1,426,465","142,398.00",69.33,69.35
04-Sep-2009,68.02,-4.72,-6.49%,71.00,67.05,73.36,"1,345,048","222,774.00",67.97,67.99
28-Aug-2009,72.74,-1.15,-1.56%,73.75,69.83,75.00,"1,300,549","256,547.00",72.81,72.83
21-Aug-2009,73.89,+6.38,+9.45%,67.69,65.23,74.72,"856,178","275,213.00",73.84,73.86
14-Aug-2009,67.51,-3.42,-4.82%,70.67,67.12,72.21,"1,678,553","106,781.00",67.42,67.43
07-Aug-2009,70.93,+1.48,+2.13%,69.30,69.09,72.84,"1,612,576","262,861.00",70.58,70.60
31-Jul-2009,69.45,+1.40,+2.06%,68.05,62.70,69.74,"1,586,201","319,255.00",68.79,68.80
24-Jul-2009,68.05,+4.49,+7.06%,63.38,63.19,68.20,"1,016,254","332,239.00",68.00,68.01
17-Jul-2009,63.56,+3.67,+6.13%,59.86,58.32,63.99,"1,323,941","48,873.00",63.51,63.52
10-Jul-2009,59.89,-6.84,-10.25%,66.49,58.72,67.17,"1,433,847","168,217.00",59.79,59.81
03-Jul-2009,66.73,-2.43,-3.51%,69.25,66.26,73.38,"1,109,318","238,617.00",66.42,66.44
26-Jun-2009,69.16,-0.39,-0.56%,69.89,66.25,71.29,"1,017,793","255,959.00",69.25,69.26
19-Jun-2009,69.55,-2.49,-3.46%,72.20,68.90,72.77,"1,068,708","23,650.00",69.61,69.63
12-Jun-2009,72.04,+3.60,+5.26%,68.32,66.78,73.23,"1,491,801","134,388.00",72.08,72.09
05-Jun-2009,68.44,+2.13,+3.21%,66.48,64.95,70.32,"1,457,239","300,939.00",68.45,68.46
29-May-2009,66.31,+4.64,+7.52%,61.50,59.53,66.64,"1,071,824","347,339.00",66.31,66.33
22-May-2009,61.67,+5.33,+9.46%,56.47,56.12,62.26,"869,407","342,463.00",61.57,61.58
15-May-2009,56.34,-2.29,-3.91%,58.49,56.07,60.08,"1,384,334","58,524.00",56.51,56.53
08-May-2009,58.63,+5.43,+10.21%,52.62,52.56,58.75,"1,468,035","231,266.00",58.57,58.58
01-May-2009,53.20,+1.65,+3.20%,51.45,48.01,53.65,"1,143,988","312,127.00",52.87,52.89
24-Apr-2009,51.55,+1.22,+2.42%,50.16,43.83,51.75,"810,641","320,964.00",51.58,51.59
17-Apr-2009,50.33,-1.91,-3.66%,52.00,48.84,52.15,"1,137,200","44,105.00",50.20,50.23
10-Apr-2009,52.24,-0.27,-0.51%,52.40,47.37,53.60,"1,130,460","172,928.00",52.16,52.18
03-Apr-2009,52.51,+0.13,+0.25%,52.25,47.26,53.90,"1,179,091","273,024.00",52.31,52.32
27-Mar-2009,52.38,+1.32,+2.59%,52.13,51.62,54.66,"1,104,488","296,232.00",52.36,52.37
20-Mar-2009,51.06,+4.81,+10.40%,45.20,43.62,52.25,"702,274","3,433.00",50.57,51.54
13-Mar-2009,46.25,+0.73,+1.60%,45.76,42.08,48.83,"1,557,217","108,188.00",46.07,46.08
06-Mar-2009,45.52,+0.76,+1.70%,44.34,39.44,46.30,"1,341,072","239,886.00",45.52,45.53
27-Feb-2009,44.76,+5.82,+14.95%,39.73,37.65,45.30,"1,409,302","283,824.00",44.61,44.62
20-Feb-2009,38.94,+1.43,+3.81%,37.81,34.13,39.85,"335,672","3,433.00",33.30,40.95
13-Feb-2009,37.51,-2.66,-6.62%,39.88,33.55,42.43,"1,600,707","121,094.00",37.89,37.91
06-Feb-2009,40.17,-1.51,-3.62%,41.75,38.60,42.68,"1,510,579","275,342.00",40.29,40.31
30-Jan-2009,41.68,-4.79,-10.31%,46.05,40.18,48.59,"1,360,931","368,800.00",41.65,41.67
23-Jan-2009,46.47,+9.96,+27.28%,36.14,32.70,47.00,"892,110","377,692.00",46.01,46.03
16-Jan-2009,36.51,-4.32,-10.58%,40.55,33.20,40.80,"1,202,421","17,561.00",36.01,36.06
09-Jan-2009,40.83,-5.51,-11.89%,47.04,39.38,50.47,"1,486,247","192,028.00",40.92,40.93
02-Jan-2009,46.34,+8.63,+22.89%,38.40,36.94,46.74,"661,144","286,346.00",46.16,46.17
26-Dec-2008,37.71,+3.84,+11.34%,42.79,35.13,43.44,"453,268","279,313.00",37.58,37.59
19-Dec-2008,33.87,-12.41,-26.82%,46.77,32.40,50.05,"811,153","1,689.00",33.20,38.57
12-Dec-2008,46.28,+5.47,+13.40%,41.64,41.55,49.12,"1,501,685","118,828.00",46.35,46.39
05-Dec-2008,40.81,-13.62,-25.02%,54.62,40.50,54.62,"1,227,456","268,114.00",41.50,41.51
28-Nov-2008,54.43,+4.50,+9.01%,50.97,48.80,55.98,"834,073","309,956.00",55.10,55.14
21-Nov-2008,49.93,-7.11,-12.46%,56.74,48.25,58.98,"941,203","299,041.00",49.71,49.73
14-Nov-2008,57.04,-4.00,-6.55%,61.80,54.67,65.56,"1,374,920","195,333.00",57.29,57.30
07-Nov-2008,61.04,-6.77,-9.98%,67.37,59.97,71.77,"1,366,146","252,261.00",61.25,61.28
31-Oct-2008,67.81,+3.66,+5.71%,64.78,61.30,70.60,"1,307,725","293,226.00",67.85,67.87
24-Oct-2008,64.15,-7.70,-10.72%,72.16,62.65,76.12,"944,993","329,524.00",64.50,64.52
17-Oct-2008,71.85,-5.85,-7.53%,80.12,68.57,84.83,"1,122,994","51,461.00",72.30,72.33
10-Oct-2008,77.70,-16.18,-17.23%,92.50,77.09,93.02,"1,576,455","132,575.00",78.23,78.25
03-Oct-2008,93.88,-13.01,-12.17%,106.89,91.30,106.91,"1,243,812","253,731.00",93.75,93.77
26-Sep-2008,106.89,+2.34,+2.24%,104.97,103.22,130.00,"1,004,587","277,407.00",106.82,106.83
19-Sep-2008,104.55,+3.37,+3.33%,101.00,90.51,105.25,"1,433,874","23,130.00",103.91,104.00
12-Sep-2008,101.18,-5.05,-4.75%,107.75,99.99,109.89,"1,566,531","159,585.00",100.90,100.94
05-Sep-2008,106.23,-9.23,-7.99%,116.65,105.13,118.60,"1,150,588","273,877.00",106.52,106.55
29-Aug-2008,115.46,+0.87,+0.76%,114.69,112.36,120.50,"1,240,927","285,551.00",115.60,115.62
22-Aug-2008,114.59,+0.82,+0.72%,113.94,111.64,122.04,"958,023","309,181.00",114.43,114.45
15-Aug-2008,113.77,-1.43,-1.24%,115.20,111.34,117.46,"1,467,095","85,190.00",113.46,113.52
08-Aug-2008,115.20,-9.90,-7.91%,125.98,114.62,126.35,"1,520,165","204,430.00",115.04,115.06
01-Aug-2008,125.10,+1.84,+1.49%,123.41,120.42,128.60,"1,327,841","286,007.00",125.03,125.05
25-Jul-2008,123.26,-5.62,-4.36%,128.88,122.50,132.07,"956,653","307,224.00",123.35,123.37
18-Jul-2008,128.88,-16.20,-11.17%,144.69,128.23,146.73,"1,526,462","63,111.00",128.84,128.88
11-Jul-2008,145.08,-0.21,-0.14%,144.27,135.14,147.27,"1,614,973","203,878.00",144.80,144.85
04-Jul-2008,145.29,+5.08,+3.62%,140.60,139.17,145.85,"939,417","280,318.00",145.38,145.45
27-Jun-2008,140.21,+5.59,+4.15%,134.80,131.95,142.99,"1,341,800","313,090.00",140.72,140.74
20-Jun-2008,134.62,-0.24,-0.18%,134.41,131.19,139.89,"1,055,821","2,880.00",134.67,134.74
13-Jun-2008,134.86,-3.68,-2.66%,137.97,130.80,138.30,"1,798,318","172,409.00",134.83,134.84
06-Jun-2008,138.54,+11.19,+8.79%,127.63,121.61,139.12,"1,783,593","313,097.00",138.80,138.81
30-May-2008,127.35,-4.84,-3.66%,131.68,124.67,133.65,"1,430,076","347,393.00",127.43,127.46
23-May-2008,132.19,+5.90,+4.67%,126.35,125.28,135.09,"1,380,892","363,193.00",131.91,131.93
16-May-2008,126.29,+0.33,+0.26%,125.84,120.75,127.82,"1,718,367","83,099.00",126.41,126.43
09-May-2008,125.96,+9.64,+8.29%,116.50,116.05,126.27,"1,690,157","262,650.00",125.97,125.98
02-May-2008,116.32,-2.20,-1.86%,118.95,110.30,119.93,"1,396,956","342,555.00",116.32,116.33
25-Apr-2008,118.52,+1.83,+1.57%,116.93,114.25,119.90,"1,041,018","385,663.00",118.49,118.51
18-Apr-2008,116.69,+6.55,+5.95%,110.00,109.56,117.00,"1,153,408","64,307.00",116.83,116.85
11-Apr-2008,110.14,+3.91,+3.68%,106.12,105.86,112.21,"1,466,457","176,885.00",110.25,110.26
04-Apr-2008,106.23,+0.61,+0.58%,105.12,99.55,106.78,"1,481,036","310,094.00",106.03,106.04
28-Mar-2008,105.62,+3.78,+3.71%,101.70,99.13,108.22,"1,398,454","361,614.00",105.33,105.37
21-Mar-2008,101.84,-8.37,-7.59%,110.10,98.65,111.80,"911,524","365,603.00",101.70,101.71
14-Mar-2008,110.21,+5.06,+4.81%,105.25,104.08,111.00,"1,654,015","111,302.00",110.09,110.12
07-Mar-2008,105.15,+3.31,+3.25%,101.63,98.87,106.54,"1,693,046","280,976.00",105.16,105.17
29-Feb-2008,101.84,+3.03,+3.07%,98.99,97.75,103.05,"1,253,423","359,888.00",101.62,101.63
22-Feb-2008,98.81,+3.31,+3.47%,95.37,95.23,101.32,"811,094","377,389.00",98.81,98.82
15-Feb-2008,95.50,+3.73,+4.06%,91.76,90.92,96.67,"1,372,177","71,086.00",95.53,95.54
08-Feb-2008,91.77,+2.81,+3.16%,88.66,86.24,91.98,"1,411,839","251,738.00",91.86,91.88
01-Feb-2008,88.96,-1.75,-1.93%,90.62,88.46,92.71,"1,324,250","359,297.00",89.18,89.19
25-Jan-2008,90.71,+0.14,+0.15%,90.58,86.11,91.38,"914,407","376,214.00",90.61,90.62
18-Jan-2008,90.57,-2.12,-2.29%,92.92,89.26,94.43,"1,302,075","30,939.00",90.52,90.54
11-Jan-2008,92.69,-5.22,-5.33%,97.79,92.31,98.40,"1,502,614","201,622.00",92.68,92.70
04-Jan-2008,97.91,+1.91,+1.99%,96.12,94.73,100.09,"808,755","312,344.00",97.84,97.85
28-Dec-2007,96.00,+2.69,+2.88%,93.58,92.50,97.92,"468,016","319,543.00",96.05,96.07
21-Dec-2007,93.31,+2.04,+2.24%,91.43,88.88,93.84,"736,119","328,845.00",93.28,93.30
14-Dec-2007,91.27,+2.99,+3.39%,88.27,87.09,94.85,"1,480,276","79,908.00",91.22,91.25
07-Dec-2007,88.28,-0.43,-0.48%,88.79,85.82,90.73,"1,452,246","266,833.00",88.14,88.17
30-Nov-2007,88.71,-9.47,-9.65%,98.28,88.45,99.11,"1,559,314","364,875.00",88.49,88.50
23-Nov-2007,98.18,+3.08,+3.24%,93.88,93.16,99.29,"896,444","391,478.00",98.23,98.26
16-Nov-2007,95.10,-1.22,-1.27%,96.01,90.13,96.20,"1,390,539","3,785.00",94.52,94.81
09-Nov-2007,96.32,+0.39,+0.41%,95.93,93.72,98.62,"1,707,217","298,553.00",96.36,96.39
02-Nov-2007,95.93,+4.07,+4.43%,91.72,88.92,96.24,"1,585,314","379,868.00",95.72,95.73
26-Oct-2007,91.86,+3.26,+3.68%,88.86,84.68,92.22,"1,224,547","441,512.00",91.71,91.72
19-Oct-2007,88.60,+4.91,+5.87%,83.91,83.50,90.07,"1,275,797","36,416.00",88.54,88.55
12-Oct-2007,83.69,+2.47,+3.04%,81.11,78.35,84.05,"1,337,364","177,158.00",83.70,83.72
05-Oct-2007,81.22,-0.44,-0.54%,81.75,78.87,82.02,"1,198,560","274,851.00",81.18,81.20
28-Sep-2007,81.66,+0.04,+0.05%,81.30,78.44,83.76,"1,379,590","340,915.00",81.63,81.65
21-Sep-2007,81.62,+2.52,+3.19%,79.03,78.25,83.90,"1,008,493","357,262.00",81.37,81.38
14-Sep-2007,79.10,+2.40,+3.13%,76.46,75.52,80.36,"1,385,985","171,442.00",79.05,79.07
07-Sep-2007,76.70,+2.66,+3.59%,73.90,73.48,77.43,"1,001,878","284,677.00",76.69,76.70
31-Aug-2007,74.04,+2.95,+4.15%,71.04,70.20,74.44,"928,103","316,718.00",73.97,73.99
24-Aug-2007,71.09,-0.89,-1.24%,71.77,68.63,71.77,"734,820","326,858.00",71.10,71.11
17-Aug-2007,71.98,+0.51,+0.71%,71.47,70.10,74.23,"1,221,627","73,562.00",71.71,71.73
10-Aug-2007,71.47,-4.01,-5.31%,75.04,70.10,75.10,"1,337,401","197,000.00",71.54,71.57
03-Aug-2007,75.48,-1.54,-2.00%,76.92,75.04,78.77,"1,139,630","328,518.00",75.38,75.40
27-Jul-2007,77.02,+1.45,+1.92%,75.69,72.91,77.24,"1,112,501","369,172.00",76.99,77.01
20-Jul-2007,75.57,+1.64,+2.22%,74.01,73.50,76.13,"807,927","6,324.00",75.01,76.04
13-Jul-2007,73.93,+1.12,+1.54%,72.75,71.60,74.01,"1,143,388","131,345.00",73.84,73.85
06-Jul-2007,72.81,+2.13,+3.01%,70.52,69.57,72.94,"803,295","235,952.00",72.76,72.77
29-Jun-2007,70.68,+1.54,+2.23%,68.85,67.07,71.06,"1,161,484","272,808.00",70.45,70.46
22-Jun-2007,69.14,+1.14,+1.68%,68.13,67.29,69.88,"741,933","317,728.00",69.14,69.16
15-Jun-2007,68.00,+3.24,+5.00%,64.70,64.52,68.30,"1,076,813","85,385.00",68.10,68.11
08-Jun-2007,64.76,-0.32,-0.49%,64.87,64.53,67.42,"1,211,727","231,279.00",64.67,64.69
01-Jun-2007,65.08,-0.12,-0.18%,64.98,62.43,65.25,"937,798","324,076.00",65.05,65.09
25-May-2007,65.20,+0.26,+0.40%,64.95,63.82,66.38,"727,431","357,957.00",65.21,65.22
18-May-2007,64.94,+2.57,+4.12%,62.42,61.90,65.64,"1,042,943","57,542.00",64.94,64.96
11-May-2007,62.37,+0.44,+0.71%,61.71,60.68,62.58,"1,275,391","193,505.00",62.38,62.39
04-May-2007,61.93,-4.53,-6.82%,66.36,61.56,66.65,"1,174,881","294,677.00",61.79,61.80
27-Apr-2007,66.46,+3.08,+4.86%,64.11,63.70,66.70,"1,074,700","322,463.00",66.41,66.42
20-Apr-2007,63.38,-0.25,-0.39%,63.41,61.34,64.64,"684,321","19,870.00",63.46,63.51
13-Apr-2007,63.63,-0.65,-1.01%,64.29,61.35,64.58,"1,261,980","120,745.00",63.60,63.61
06-Apr-2007,64.28,-1.59,-2.41%,66.03,63.56,66.69,"867,871","317,811.00",64.06,64.08
30-Mar-2007,65.87,+3.59,+5.76%,62.34,62.24,68.09,"1,215,185","358,859.00",65.88,65.90
23-Mar-2007,62.28,+5.17,+9.05%,57.11,56.10,62.65,"800,124","378,715.00",62.20,62.21
16-Mar-2007,57.11,-2.94,-4.90%,59.96,56.17,59.96,"1,120,982","66,313.00",57.00,57.02
09-Mar-2007,60.05,-1.59,-2.58%,61.30,59.55,62.30,"1,196,238","171,311.00",60.10,60.11
02-Mar-2007,61.64,+0.50,+0.82%,60.88,59.92,62.49,"1,186,430","293,217.00",61.46,61.49
23-Feb-2007,61.14,+1.75,+2.95%,58.87,57.32,61.80,"843,196","334,345.00",60.89,60.92
16-Feb-2007,59.39,-0.50,-0.83%,59.68,56.62,59.76,"1,195,354","41,459.00",59.33,59.34
09-Feb-2007,59.89,+0.87,+1.47%,59.25,57.25,60.80,"1,482,042","208,683.00",59.87,59.88
02-Feb-2007,59.02,+3.60,+6.50%,55.63,53.75,59.25,"1,300,185","346,152.00",59.00,59.02
26-Jan-2007,55.42,+3.43,+6.60%,52.09,50.80,55.90,"928,212","386,901.00",55.48,55.49
19-Jan-2007,51.99,-1.00,-1.89%,52.94,49.90,53.55,"806,338","28,361.00",51.80,51.82
12-Jan-2007,52.99,-3.32,-5.90%,56.24,51.56,57.72,"1,574,122","149,834.00",52.92,52.93
05-Jan-2007,56.31,-4.74,-7.76%,61.05,54.90,61.05,"822,687","297,617.00",56.23,56.25
29-Dec-2006,61.05,-1.36,-2.18%,62.44,59.90,63.20,"446,872","290,538.00",61.05,61.09
22-Dec-2006,62.41,-1.02,-1.61%,63.20,61.65,64.15,"585,908","300,554.00",62.39,62.42
15-Dec-2006,63.43,+1.40,+2.26%,62.21,60.65,63.50,"923,701","77,895.00",63.31,63.32
08-Dec-2006,62.03,-1.40,-2.21%,63.81,61.53,63.82,"1,083,507","213,011.00",62.20,62.21
01-Dec-2006,63.43,+4.19,+7.07%,59.89,59.26,63.77,"907,350","305,081.00",63.53,63.55
24-Nov-2006,59.24,+3.43,+6.15%,58.73,57.97,60.40,"460,704","312,742.00",59.94,59.96
17-Nov-2006,55.81,-3.78,-6.34%,59.60,54.86,59.92,"874,573","5,922.00",55.91,55.94
10-Nov-2006,59.59,+0.45,+0.76%,59.15,58.50,61.33,"1,099,394","185,037.00",59.57,59.58
03-Nov-2006,59.14,-1.61,-2.65%,60.75,57.05,61.05,"914,072","272,630.00",59.08,59.10
27-Oct-2006,60.75,+3.93,+6.92%,59.43,58.12,61.79,"788,819","319,047.00",60.77,60.79
20-Oct-2006,56.82,-1.75,-2.99%,58.86,56.55,60.54,"591,017","4,045.00",55.74,59.04
13-Oct-2006,58.57,-1.19,-1.99%,59.90,57.22,61.30,"797,113","114,136.00",58.67,58.70
06-Oct-2006,59.76,-3.15,-5.01%,62.80,57.75,63.32,"775,823","213,050.00",59.70,59.75
29-Sep-2006,62.91,+2.36,+3.90%,60.25,59.52,64.00,"698,782","260,268.00",62.97,63.00
22-Sep-2006,60.55,-2.78,-4.39%,63.49,60.00,64.46,"486,236","271,901.00",60.55,60.59
15-Sep-2006,63.33,-2.92,-4.41%,66.01,62.03,66.50,"749,101","89,134.00",63.34,63.35
08-Sep-2006,66.25,-2.94,-4.25%,69.25,66.00,69.59,"410,459","191,119.00",66.30,66.32
01-Sep-2006,69.19,-3.32,-4.58%,72.20,68.65,72.20,"380,524","215,460.00",70.32,70.37
25-Aug-2006,72.51,+1.37,+1.93%,71.22,71.10,73.75,"335,478","244,622.00",73.35,73.43
18-Aug-2006,71.14,-3.21,-4.32%,73.79,69.60,73.95,"424,124","57,043.00",70.54,70.63
11-Aug-2006,74.35,-0.41,-0.55%,74.78,73.75,77.45,"618,528","126,096.00",74.35,74.38
04-Aug-2006,74.76,+1.52,+2.08%,73.50,72.77,76.50,"442,001","225,814.00",75.33,75.35
28-Jul-2006,73.24,-1.19,-1.60%,74.45,72.80,75.78,"411,623","257,095.00",74.00,74.01
21-Jul-2006,74.43,-2.60,-3.38%,76.91,71.65,77.74,"425,854","260,577.00",74.80,74.84
14-Jul-2006,77.03,+2.94,+3.97%,73.94,72.90,78.40,"591,582","98,525.00",77.73,77.75
07-Jul-2006,74.09,+0.16,+0.22%,73.93,73.38,75.78,"286,581","200,784.00",75.50,75.57
30-Jun-2006,73.93,+3.06,+4.32%,70.86,70.40,74.15,"449,816","229,377.00",73.57,73.62
23-Jun-2006,70.87,+0.99,+1.42%,69.87,68.55,71.30,"436,380","240,762.00",70.50,70.56
16-Jun-2006,69.88,-1.75,-2.44%,71.60,68.10,72.32,"594,681","70,522.00",69.37,69.39
09-Jun-2006,71.63,-0.70,-0.97%,72.70,69.10,73.84,"556,082","184,196.00",71.60,71.63
02-Jun-2006,72.33,+0.96,+1.35%,71.31,70.05,72.75,"472,586","249,828.00",71.15,71.19
26-May-2006,71.37,+2.84,+4.14%,68.52,67.42,72.15,"439,858","281,424.00",71.00,71.06
19-May-2006,68.53,-3.51,-4.87%,71.90,67.85,72.04,"531,291","31,345.00",68.20,68.88
12-May-2006,72.04,+1.85,+2.64%,70.05,68.25,73.90,"661,032","148,981.00",72.83,72.88
05-May-2006,70.19,-1.69,-2.35%,71.70,69.30,74.99,"593,621","252,703.00",70.05,70.12
28-Apr-2006,71.88,-3.29,-4.38%,75.35,70.49,75.35,"643,922","282,272.00",71.58,71.59
21-Apr-2006,75.17,+5.85,+8.44%,69.55,69.30,75.35,"430,903","290,625.00",75.12,75.24
14-Apr-2006,69.32,+1.93,+2.86%,67.40,67.22,69.60,"476,413","98,032.00",69.43,69.45
07-Apr-2006,67.39,+0.76,+1.14%,66.25,65.60,68.20,"523,141","197,840.00",67.40,67.47
31-Mar-2006,66.63,+2.37,+3.69%,64.40,63.45,67.30,"510,609","232,187.00",65.95,66.95
24-Mar-2006,64.26,+1.49,+2.37%,62.75,59.60,64.75,"432,562","254,504.00",64.36,64.44
17-Mar-2006,62.77,+2.81,+4.69%,60.05,59.58,63.90,"501,333","52,669.00",63.50,63.49
10-Mar-2006,59.96,-3.71,-5.83%,63.75,59.25,63.92,"568,300","125,108.00",59.90,60.05
03-Mar-2006,63.67,+0.76,+1.21%,62.80,60.30,63.79,"514,294","226,854.00",63.19,63.20
24-Feb-2006,62.91,+3.03,+5.06%,61.25,59.70,63.25,"406,888","263,546.00",62.30,63.30
17-Feb-2006,59.88,-1.96,-3.17%,62.10,57.55,62.18,"549,132","28,850.00",59.46,59.75
10-Feb-2006,61.84,-3.53,-5.40%,65.60,61.20,66.62,"673,295","141,138.00",62.92,61.75
03-Feb-2006,65.37,-2.39,-3.53%,67.85,63.95,69.00,"612,301","256,490.00",65.55,64.82
27-Jan-2006,67.76,-0.59,-0.86%,68.45,65.31,69.20,"559,723","297,154.00",67.05,67.33
20-Jan-2006,68.35,+4.43,+6.93%,64.82,64.60,68.80,"311,077","6,575.00",68.20,68.70
13-Jan-2006,63.92,-0.29,-0.45%,64.15,62.60,65.05,"621,165","92,601.00",63.45,63.47
06-Jan-2006,64.21,+3.17,+5.19%,61.04,60.81,64.45,"450,627","200,544.00",63.85,63.42
30-Dec-2005,61.04,+2.61,+4.47%,58.30,57.30,61.25,"280,800","214,741.00",59.87,59.90
23-Dec-2005,58.43,+0.37,+0.64%,58.00,56.90,59.29,"292,780","235,018.00",57.82,57.90
16-Dec-2005,58.06,-1.33,-2.24%,59.51,58.00,61.90,"492,148","47,911.00",58.60,58.87
09-Dec-2005,59.39,+0.07,+0.12%,59.41,59.03,61.50,"544,299","159,958.00",60.92,60.87
02-Dec-2005,59.32,+0.61,+1.04%,58.11,55.72,59.55,"555,619","248,067.00",58.86,58.89
25-Nov-2005,58.71,+2.57,+4.58%,57.42,57.10,59.15,"237,361","281,706.00",58.44,58.49
18-Nov-2005,56.14,-1.39,-2.42%,57.80,55.40,58.52,"381,890","6,703.00",55.92,55.68
11-Nov-2005,57.53,-3.05,-5.03%,60.11,56.93,60.44,"564,722","114,261.00",57.50,57.53
04-Nov-2005,60.58,-0.64,-1.05%,61.20,58.75,62.15,"490,389","214,902.00",61.15,61.19
28-Oct-2005,61.22,+0.59,+0.97%,60.06,59.30,62.95,"479,734","245,466.00",61.03,61.45
21-Oct-2005,60.63,-2.00,-3.19%,62.95,59.15,64.40,"351,087","279,805.00",59.34,59.37
14-Oct-2005,62.63,+0.79,+1.28%,61.79,60.35,64.70,"540,429","80,897.00",61.91,61.98
07-Oct-2005,61.84,-4.40,-6.64%,66.20,60.70,66.62,"457,578","161,216.00",61.39,61.80
30-Sep-2005,66.24,+2.05,+3.19%,63.44,62.65,67.40,"551,605","219,885.00",66.35,66.39
23-Sep-2005,64.19,+1.19,+1.89%,63.39,63.20,68.27,"427,637","244,192.00",66.06,66.09
16-Sep-2005,63.00,-1.08,-1.69%,64.15,62.55,65.66,"537,308","54,146.00",63.35,64.09
09-Sep-2005,64.08,-3.49,-5.17%,66.60,63.10,67.56,"457,288","152,497.00",65.00,65.01
02-Sep-2005,67.57,+1.44,+2.18%,68.60,66.30,70.85,"673,452","201,628.00",68.01,68.05
26-Aug-2005,66.13,+0.78,+1.19%,65.40,64.65,68.00,"392,424","244,405.00",67.40,67.78
19-Aug-2005,65.35,-1.51,-2.26%,66.85,62.25,67.00,"462,291","25,658.00",64.35,64.42
12-Aug-2005,66.86,+4.55,+7.30%,62.31,62.21,67.10,"615,953","116,074.00",66.05,66.07
05-Aug-2005,62.31,+1.74,+2.87%,60.51,60.51,62.50,"484,311","191,412.00",61.88,61.94
29-Jul-2005,60.57,+1.92,+3.27%,58.75,57.65,61.05,"442,987","236,406.00",60.34,60.35
22-Jul-2005,58.65,+0.56,+0.96%,58.00,56.10,58.98,"402,128","256,457.00",58.22,57.69
15-Jul-2005,58.09,-1.54,-2.58%,59.40,57.25,61.30,"587,901","78,937.00",57.91,58.36
08-Jul-2005,59.63,+0.88,+1.50%,58.89,57.20,62.10,"449,606","175,362.00",61.53,61.56
01-Jul-2005,58.75,-1.09,-1.82%,59.90,55.90,60.95,"560,311","208,429.00",56.72,56.74
24-Jun-2005,59.84,+1.37,+2.34%,58.51,57.85,60.00,"393,090","232,438.00",59.70,59.74
17-Jun-2005,58.47,+4.93,+9.21%,53.43,53.05,58.60,"451,885","49,940.00",57.55,57.89
10-Jun-2005,53.54,-1.49,-2.71%,55.20,52.22,55.55,"532,188","107,062.00",54.29,54.34
03-Jun-2005,55.03,+3.18,+6.13%,51.98,50.90,55.40,"424,281","185,666.00",54.55,53.96
27-May-2005,51.85,+5.05,+10.79%,48.25,48.05,52.00,"473,239","220,245.00",51.45,51.15
20-May-2005,46.80,-1.87,-3.84%,48.67,46.20,49.35,"371,454","5,697.00",46.70,47.14
13-May-2005,48.67,-2.29,-4.49%,51.28,47.75,53.10,"558,245","115,794.00",48.52,48.58
06-May-2005,50.96,+1.24,+2.49%,49.28,48.80,52.23,"569,860","188,803.00",51.42,51.44
29-Apr-2005,49.72,-5.67,-10.24%,55.15,49.50,56.00,"524,379","217,256.00",51.42,49.40
22-Apr-2005,55.39,+4.90,+9.70%,50.43,49.66,55.90,"370,954","256,670.00",55.50,54.60
15-Apr-2005,50.49,-2.83,-5.31%,53.26,49.75,54.05,"572,731","60,238.00",50.70,50.71
08-Apr-2005,53.32,-3.95,-6.90%,57.15,52.70,58.28,"522,295","161,994.00",53.58,53.62
01-Apr-2005,57.27,+2.43,+4.43%,54.44,52.50,57.70,"482,841","227,215.00",57.35,55.70
25-Mar-2005,54.84,-1.88,-3.31%,56.68,53.40,57.58,"382,135","251,270.00",54.30,54.32
18-Mar-2005,56.72,+2.29,+4.21%,54.45,53.52,57.60,"399,603","24,937.00",56.68,56.70
11-Mar-2005,54.43,+0.65,+1.21%,53.56,52.50,55.65,"539,680","112,796.00",52.94,54.50
04-Mar-2005,53.78,+2.29,+4.45%,51.80,50.65,55.20,"507,548","211,646.00",53.20,53.22
25-Feb-2005,51.49,+3.14,+6.49%,48.37,48.37,52.05,"314,559","233,505.00",50.97,51.04
18-Feb-2005,48.35,+1.19,+2.52%,47.05,46.60,48.65,"348,602","24,593.00",48.45,47.75
11-Feb-2005,47.16,+0.68,+1.46%,46.32,44.60,47.48,"534,432","84,901.00",47.90,47.90
04-Feb-2005,46.48,-0.70,-1.48%,46.68,45.75,48.25,"422,216","191,806.00",46.84,46.90
28-Jan-2005,47.18,-1.35,-2.78%,48.88,46.80,49.75,"469,107","218,451.00",48.21,48.22
21-Jan-2005,48.53,+0.15,+0.31%,48.60,46.40,49.50,"287,721","225,173.00",47.76,47.77
14-Jan-2005,48.38,+2.95,+6.49%,45.60,44.95,48.65,"493,772","57,362.00",48.31,48.50
07-Jan-2005,45.43,,,43.10,41.25,46.10,"483,296","133,184.00",45.18,45.87
